사용월,호선명,역ID,지하철역,04:00:00~04:59:59,,05:00:00~05:59:59,,06:00:00~06:59:59,,07:00:00~07:59:59,,08:00:00~08:59:59,,09:00:00~09:59:59,,10:00:00~10:59:59,,11:00:00~11:59:59,,12:00:00~12:59:59,,13:00:00~13:59:59,,14:00:00~14:59:59,,15:00:00~15:59:59,,16:00:00~16:59:59,,17:00:00~17:59:59,,18:00:00~18:59:59,,19:00:00~19:59:59,,20:00:00~20:59:59,,21:00:00~21:59:59,,22:00:00~22:59:59,,23:00:00~23:59:59,,00:00:00~00:59:59,,01:00:00~01:59:59,,02:00:00~02:59:59,,03:00:00~03:59:59,,작업일시
,,,,승차,하차,승차,하차,승차,하차,승차,하차,승차,하차,승차,하차,승차,하차,승차,하차,승차,하차,승차,하차,승차,하차,승차,하차,승차,하차,승차,하차,승차,하차,승차,하차,승차,하차,승차,하차,승차,하차,승차,하차,승차,하차,승차,하차,승차,하차,승차,하차,
2025-09,1호선,0150,서울역,753,35,"11,376","10,334","32,529","62,503","105,429","134,137","169,793","262,118","120,800","179,302","105,419","104,372","108,975","95,923","122,220","104,996","116,266","103,708","106,080","97,255","122,816","112,530","151,041","126,188","236,554","154,646","261,505","183,403","142,252","122,023","104,218","86,720","103,751","83,200","69,927","60,274","33,814","29,456","4,658","7,703",13,173,0,0,0,0,2025-10-03 10:13:02
2025-09,1호선,0151,시청,78,5,"1,832","6,166","4,039","35,164","7,843","91,024","11,334","224,375","15,339","99,634","19,629","51,420","24,469","46,852","26,091","41,354","33,854","43,245","41,980","35,146","57,658","30,051","71,569","27,874","108,827","30,678","175,786","26,837","68,116","13,900","60,945","9,744","52,377","8,756","32,788","6,304","10,419","3,512",651,991,1,29,0,0,0,0,2025-10-03 10:13:02
2025-09,1호선,0152,종각,111,5,"3,898","6,419","4,435","39,583","7,420","129,864","11,794","290,190","14,833","149,681","20,927","64,031","30,532","60,962","35,830","54,000","44,703","54,017","57,265","45,034","70,305","40,421","89,716","43,893","170,309","51,269","236,309","52,634","101,004","26,314","88,715","14,340","86,935","10,647","61,776","7,641","25,817","4,454","2,171","1,324",1,2,0,0,0,0,2025-10-03 10:13:02
2025-09,1호선,0153,종로3가,227,11,"4,314","3,807","4,605","14,452","7,348","28,980","11,628","69,136","16,332","65,326","22,753","56,456","33,609","65,795","45,443","62,557","47,635","56,849","57,978","51,045","64,685","44,169","73,449","43,731","88,315","41,904","94,801","40,102","57,121","20,914","48,088","12,457","48,778","10,675","37,906","8,452","16,860","5,128","1,752","2,332",4,22,0,0,0,0,2025-10-03 10:13:02
2025-09,1호선,0154,종로5가,73,1,"1,995","4,823","3,307","18,539","6,866","45,382","11,805","96,790","17,027","67,243","27,930","60,472","39,242","61,820","45,723","55,249","52,388","52,252","61,195","50,528","64,474","42,297","71,196","41,029","93,320","37,016","94,743","33,543","50,403","20,437","35,009","11,985","29,995","8,511","19,250","6,784","5,815","4,282",394,"1,143",0,4,0,0,0,0,2025-10-03 10:13:02
2025-09,1호선,0155,동대문,535,13,"12,099","1,984","9,918","7,427","17,438","12,154","24,011","20,554","22,384","22,572","19,350","23,086","19,941","25,520","22,751","23,849","24,527","24,654","26,088","23,321","26,787","23,447","28,408","23,378","27,780","23,950","25,027","24,785","19,397","23,660","16,862","16,839","14,765","15,837","11,790","15,247","5,832","10,017",978,"3,111",5,349,0,0,0,0,2025-10-03 10:13:02
2025-09,1호선,0156,신설동,454,10,"9,125","2,340","10,625","9,290","24,255","27,377","35,323","58,887","23,836","34,383","20,714","21,277","21,868","19,374","23,324","18,977","24,807","20,780","23,658","19,058","25,928","21,632","31,661","23,076","44,246","27,384","53,907","33,389","21,114","23,993","15,699","16,994","13,334","16,523","8,764","14,710","3,794","9,200",478,"2,787",0,0,0,0,0,0,2025-10-03 10:13:02
2025-09,1호선,0157,제기동,343,3,"5,283","2,646","9,704","10,050","24,278","23,449","33,570","41,565","24,816","34,880","27,156","41,252","35,418","46,175","39,026","45,497","40,736","47,002","43,611","43,389","46,815","37,724","45,846","35,422","44,810","28,491","38,556","27,940","21,473","18,588","13,653","12,522","8,499","11,629","5,357","9,881","2,135","6,039",151,"1,529",0,0,0,0,0,0,2025-10-03 10:13:02
2025-09,1호선,0158,청량리(서울시립대입구),"1,216",46,"11,608","3,196","20,284","12,039","54,063","19,907","62,719","42,923","38,812","43,584","35,930","45,251","41,770","52,388","48,027","52,874","49,971","54,606","52,772","52,803","58,036","51,434","61,991","52,444","58,381","55,056","50,149","64,625","28,844","41,081","21,734","25,416","17,272","24,015","10,533","21,065","4,630","12,224",332,"4,135",0,0,0,1,0,0,2025-10-03 10:13:02
2025-09,1호선,0159,동묘앞,202,4,"2,934",890,"4,096","5,669","9,623","11,460","15,217","24,533","12,422","17,090","13,713","21,522","17,598","28,112","23,766","29,302","30,243","34,755","30,790","29,100","32,564","25,121","33,498","19,892","31,318","15,389","21,737","13,692","11,011","9,773","6,386","6,693","5,346","7,211","3,749","6,944","1,285","4,829",171,"2,095",0,289,0,0,0,0,2025-10-03 10:13:02
2025-09,2호선,0201,시청,15,0,"1,111","2,716","2,364","25,492","5,681","86,320","10,004","247,667","16,226","99,568","23,093","35,534","28,235","29,707","27,059","29,372","32,897","32,120","39,351","26,663","49,854","23,495","62,303","22,281","119,603","25,005","188,138","25,110","67,185","13,700","51,358","9,178","44,613","8,941","26,702","7,153","9,820","4,389","1,435","1,457",3,54,0,0,0,0,2025-10-03 10:13:02
2025-09,2호선,0202,을지로입구,82,2,"2,837","2,932","5,105","35,210","11,782","142,678","20,008","360,560","31,305","173,406","37,339","95,538","46,206","78,047","52,294","69,238","64,122","72,365","73,970","65,259","87,179","64,056","109,532","68,740","191,187","78,566","295,030","79,882","143,263","52,425","133,042","35,870","90,561","29,388","72,259","22,286","31,895","11,805","4,449","4,225",6,900,0,0,0,0,2025-10-03 10:13:02
2025-09,2호선,0203,을지로3가,11,0,"1,356","2,075","2,918","25,506","7,498","82,187","15,959","183,073","22,321","74,572","25,843","33,912","27,442","29,116","27,319","28,553","30,141","30,482","34,810","27,411","38,926","28,404","51,833","33,878","102,328","41,595","149,855","49,641","60,840","31,362","46,316","19,809","48,177","16,679","41,247","14,095","22,889","8,432","4,193","2,151",3,99,0,0,0,0,2025-10-03 10:13:02
2025-09,2호선,0204,을지로4가,7,0,"1,208","1,239","2,675","15,000","6,452","38,437","13,840","81,650","16,560","42,043","19,821","26,366","22,048","25,025","22,121","22,591","23,517","23,020","25,937","21,572","29,980","20,034","35,906","19,919","66,313","20,988","72,744","21,742","30,731","15,918","19,852","11,471","16,416","10,846","11,306","10,535","5,640","6,099","1,208","1,865",2,38,0,0,0,0,2025-10-03 10:13:02
2025-09,2호선,0205,동대문역사문화공원(DDP),214,11,"4,610","1,089","4,076","9,521","7,847","23,893","14,645","50,266","18,343","35,466","19,402","32,875","21,518","31,340","24,379","30,965","25,502","33,260","29,369","34,389","36,110","33,552","43,682","33,430","50,640","37,382","50,998","42,576","34,628","37,520","29,513","27,605","26,327","22,394","19,275","18,478","10,977","10,668","2,608","3,793",7,157,0,0,0,0,2025-10-03 10:13:02
2025-09,2호선,0206,신당,42,1,"5,866","1,240","12,312","7,634","33,912","16,217","57,503","31,405","31,732","22,815","21,713","18,544","20,828","20,441","23,140","20,547","23,210","22,544","22,873","22,339","23,683","26,197","26,826","31,167","31,324","42,466","34,140","59,830","23,197","39,487","18,606","25,094","16,672","22,054","15,549","20,180","7,319","12,004","1,596","3,909",1,57,0,0,0,0,2025-10-03 10:13:02
2025-09,2호선,0207,상왕십리,7,0,"6,341",927,"15,400","6,210","45,926","13,068","69,789","31,550","39,590","18,872","24,488","14,674","20,354","13,943","22,214","15,109","21,252","17,206","19,079","18,680","20,280","22,807","23,188","27,461","26,113","38,684","27,781","58,993","18,920","39,750","12,421","26,115","10,576","23,178","7,513","22,317","3,031","12,927",462,"4,254",0,28,0,0,0,0,2025-10-03 10:13:02
2025-09,2호선,0208,왕십리(성동구청),578,8,"6,473",902,"10,462","7,645","29,810","15,448","50,096","29,509","31,360","22,456","21,687","17,568","20,680","17,927","24,316","19,918","24,258","21,274","23,947","21,309","27,873","23,700","33,875","28,481","37,696","39,833","37,684","60,744","25,398","37,763","23,581","25,030","25,235","21,730","24,598","21,567","14,933","13,448","3,359","5,577",6,141,0,0,0,0,2025-10-03 10:13:02
2025-09,2호선,0209,한양대,2,0,"1,271",702,"3,143","9,985","6,632","17,677","10,294","81,445","8,017","64,563","10,530","58,622","17,282","20,551","20,650","44,593","24,140","30,767","30,422","23,389","38,624","18,110","51,212","14,520","61,687","19,959","51,131","25,851","25,287","13,004","21,056","8,350","22,231","7,519","15,628","7,013","10,202","4,582","1,756","1,546",0,31,0,0,0,0,2025-10-03 10:13:02
2025-09,2호선,0210,뚝섬,14,0,"3,829","2,297","9,538","15,719","21,407","44,944","28,457","150,036","18,875","107,573","16,543","49,243","19,681","39,627","24,073","39,057","28,115","40,951","33,814","36,530","42,532","37,578","54,479","39,179","89,891","45,578","145,174","55,844","77,250","31,655","53,951","18,145","46,126","14,398","28,507","12,875","10,086","7,570","1,553","2,875",2,63,0,0,0,0,2025-10-03 10:13:02
2025-09,2호선,0211,성수,151,5,"5,362","5,555","9,281","38,701","22,385","81,444","28,759","268,317","24,342","183,617","24,233","123,904","31,479","111,493","43,638","112,297","59,274","118,192","75,704","114,056","100,451","111,079","129,665","105,192","195,350","102,057","300,068","99,514","173,409","57,744","134,961","28,399","113,500","19,294","73,612","15,219","24,900","10,478","3,547","5,783",1,"1,001",0,0,0,0,2025-10-03 10:13:02
2025-09,2호선,0212,건대입구,333,18,"14,655","1,690","23,621","15,867","59,485","26,125","101,746","67,234","67,525","52,125","43,677","50,175","40,169","48,748","47,617","55,144","51,490","60,042","54,617","59,432","60,667","65,285","71,277","78,810","83,422","106,911","93,294","157,101","71,459","108,732","72,897","68,911","77,462","63,772","71,502","56,714","40,833","33,492","7,012","11,703",12,982,0,0,0,0,2025-10-03 10:13:02
2025-09,2호선,0213,구의(광진구청),75,2,"14,448","1,374","31,140","12,759","84,635","19,889","132,688","49,966","79,394","28,683","44,254","26,255","35,244","27,675","37,484","30,422","37,842","33,358","36,713","35,146","38,212","43,955","42,454","49,920","45,159","71,947","55,395","113,974","30,849","80,697","24,426","54,218","23,279","49,099","18,564","44,911","8,925","24,659","1,501","7,961",3,117,0,0,0,0,2025-10-03 10:13:02
2025-09,2호선,0214,강변(동서울터미널),45,1,"9,161","1,945","23,656","22,079","70,680","23,422","104,751","40,950","76,519","34,163","59,973","31,549","50,313","31,737","46,848","35,210","43,210","39,886","40,553","42,925","44,558","51,080","48,003","55,413","54,632","70,748","57,651","94,093","37,898","64,227","29,638","46,400","24,148","37,456","15,799","32,195","5,788","16,531",876,"4,517",0,101,0,0,0,0,2025-10-03 10:13:02
2025-09,2호선,0215,잠실나루,12,0,"3,768","2,864","15,082","17,756","45,012","24,264","52,204","40,260","33,107","24,856","26,344","19,070","25,176","16,854","23,893","20,452","21,091","21,858","22,389","20,252","26,446","20,985","34,121","22,943","39,504","31,781","32,251","44,146","15,770","31,957","11,266","20,668","8,375","19,346","5,938","17,888","2,578","9,215",439,"2,847",2,56,0,0,0,0,2025-10-03 10:13:02
2025-09,2호선,0216,잠실(송파구청),82,20,"14,453","5,127","54,045","36,574","131,621","84,029","176,442","177,486","126,872","157,787","88,304","119,531","86,007","115,821","95,975","115,358","104,969","117,314","112,915","120,747","136,802","134,670","160,061","151,376","200,387","196,852","233,050","252,745","166,410","166,336","154,101","108,383","138,419","95,691","93,551","83,739","31,339","44,374","4,821","10,198",4,178,0,0,0,0,2025-10-03 10:13:02
2025-09,2호선,0217,잠실새내,52,2,"5,972",933,"21,004","10,089","70,971","19,956","92,241","32,314","57,555","32,176","38,740","25,941","36,236","26,643","36,506","31,201","35,238","35,613","32,142","40,754","36,522","46,811","40,749","53,469","42,785","71,046","44,541","93,841","33,603","63,567","28,892","39,211","29,143","34,537","28,148","30,519","14,674","16,735","2,564","5,302",1,115,0,0,0,0,2025-10-03 10:13:02
2025-09,2호선,0218,종합운동장,23,1,"1,804","1,599","7,109","17,746","19,332","20,531","25,350","33,418","17,105","18,822","12,801","18,286","12,750","13,401","14,408","16,850","16,232","23,829","16,519","21,377","21,964","35,198","22,661","69,840","40,267","72,200","33,922","78,524","24,420","25,779","56,362","13,421","83,390","12,354","16,865","10,421","3,159","5,516",346,"1,723",2,107,0,1,0,0,2025-10-03 10:13:02
2025-09,2호선,0219,삼성(무역센터),220,4,"5,168","7,145","8,036","55,558","15,249","155,697","21,521","340,960","21,492","260,077","25,666","123,433","38,403","87,397","51,121","77,575","64,380","81,823","79,504","71,599","102,630","62,557","138,778","61,370","243,024","69,008","305,886","64,935","161,325","35,560","124,546","19,722","103,189","15,574","63,658","11,118","17,006","6,269","2,201","3,485",3,"1,022",0,0,0,0,2025-10-03 10:13:02
2025-09,2호선,0220,선릉,132,7,"4,691","6,478","12,326","50,274","24,919","137,903","39,875","310,537","38,440","230,610","41,746","107,770","53,196","71,204","64,365","69,341","71,749","76,712","82,168","60,075","108,747","54,583","144,270","55,018","237,031","61,414","314,553","62,637","156,233","40,463","101,384","25,707","88,384","21,730","72,137","18,955","25,078","11,231","4,075","4,700",2,54,0,0,0,0,2025-10-03 10:13:02
2025-09,2호선,0221,역삼,27,3,"3,607","7,753","8,908","47,223","17,189","171,527","27,843","394,924","25,906","324,507","27,234","128,121","35,866","70,083","41,993","62,404","50,835","67,095","62,185","52,126","81,794","44,946","113,859","45,811","253,751","56,899","295,842","63,084","162,188","37,757","91,599","23,423","81,423","20,109","57,729","16,402","19,920","9,782","3,614","3,389",0,19,0,0,0,0,2025-10-03 10:13:02
2025-09,2호선,0222,강남,129,9,"8,007","12,131","17,685","57,947","43,173","169,200","67,143","346,408","57,876","346,621","57,534","160,638","73,408","106,286","90,497","100,988","104,727","116,229","116,896","104,682","142,088","99,456","173,342","109,794","272,608","146,480","343,023","185,493","228,327","105,980","173,750","60,751","184,014","50,673","157,834","39,923","69,262","22,181","11,674","6,420",6,26,0,0,0,0,2025-10-03 10:13:02
2025-09,2호선,0223,교대(법원.검찰청),20,0,"2,506","6,590","11,471","29,177","27,316","62,291","39,007","170,520","31,805","137,271","28,933","73,380","34,420","62,426","35,675","56,875","45,160","60,580","52,643","51,954","56,991","49,488","62,496","51,344","105,478","67,648","142,095","74,205","64,742","41,869","54,329","27,741","51,449","23,981","38,635","22,226","15,151","11,652","3,058","3,634",1,19,0,0,0,0,2025-10-03 10:13:02
2025-09,2호선,0224,서초,10,1,"1,859","5,506","9,570","26,372","19,914","59,659","30,698","126,111","29,793","92,755","22,048","46,914","31,448","36,239","28,243","28,859","36,619","29,358","38,624","28,473","47,627","23,529","55,005","26,638","83,300","29,836","99,673","30,531","45,306","21,564","33,629","13,892","32,298","11,919","17,910","11,002","6,517","5,886","1,033","1,582",0,9,0,0,0,0,2025-10-03 10:13:02
2025-09,2호선,0225,방배,10,1,"2,526","3,752","9,325","14,106","24,468","31,416","32,951","84,168","26,935","64,745","20,030","36,366","21,809","29,674","24,716","29,046","27,776","26,074","32,871","26,196","37,122","24,447","46,667","25,485","58,136","33,660","68,592","38,779","32,021","26,246","25,400","17,904","24,177","16,100","18,073","15,470","6,955","8,781","1,493","2,710",0,6,0,0,0,0,2025-10-03 10:13:02
2025-09,2호선,0226,사당,89,4,"13,823","4,217","33,203","35,594","86,168","53,193","111,485","79,372","82,484","56,678","55,522","46,674","48,501","60,603","54,072","60,548","58,244","55,069","64,651","56,381","66,010","68,318","70,035","93,065","86,575","140,910","106,597","190,588","76,418","126,504","72,364","78,693","76,462","72,141","68,655","67,193","37,784","38,290","6,663","11,947",10,744,0,0,0,0,2025-10-03 10:13:02
2025-09,2호선,0227,낙성대(강감찬),50,4,"12,733","2,651","29,343","9,995","92,037","21,616","135,216","46,375","85,546","38,360","47,307","30,461","38,495","26,168","42,235","29,482","40,713","31,686","36,611","32,853","38,981","39,192","41,859","47,222","49,417","65,369","56,306","107,064","31,844","88,911","25,619","59,343","22,714","56,467","17,198","55,606","8,886","33,481","1,706","9,690",5,190,0,0,0,0,2025-10-03 10:13:02
2025-09,2호선,0228,서울대입구(관악구청),"5,356",23,"28,946","2,798","48,200","15,458","136,303","30,670","188,888","80,119","124,382","71,169","72,577","58,161","61,002","46,585","70,955","50,991","72,254","55,172","64,966","56,475","70,031","65,424","77,075","77,258","89,660","111,089","98,922","178,457","59,786","140,740","48,810","91,791","48,507","86,595","39,919","84,466","22,105","49,265","4,228","18,345",0,"2,978",0,0,0,0,2025-10-03 10:13:02
2025-09,2호선,0229,봉천,100,7,"16,208","1,436","32,303","7,296","92,623","13,938","131,602","29,641","79,221","23,264","44,191","21,246","35,555","23,589","37,795","24,930","37,209","27,016","33,144","30,399","30,245","39,270","33,288","46,638","34,412","61,844","34,986","97,858","21,626","78,233","16,998","49,048","14,458","45,683","11,118","41,932","4,823","23,621",921,"8,210",1,280,1,1,0,0,2025-10-03 10:13:02
2025-09,2호선,0230,신림,208,8,"38,448","4,154","73,319","18,482","200,006","30,857","287,415","47,931","172,639","43,424","94,306","41,763","78,172","43,690","82,490","49,902","76,905","56,619","69,913","63,573","68,611","80,823","74,641","101,444","75,715","140,186","78,936","231,938","53,662","199,184","44,294","133,870","40,269","125,496","34,436","117,598","19,643","73,338","4,537","23,244",11,787,0,0,0,0,2025-10-03 10:13:02
2025-09,2호선,0231,신대방,378,3,"25,795","1,949","37,013","9,423","97,507","16,162","137,449","25,459","84,119","18,480","45,378","18,201","36,208","19,273","37,141","22,355","34,251","26,362","29,981","29,407","30,231","40,615","32,901","47,857","35,089","62,970","31,561","95,929","20,552","81,113","15,525","57,132","12,968","58,417","10,012","55,132","4,786","30,807",972,"9,298",1,325,0,0,0,0,2025-10-03 10:13:02
2025-09,2호선,0232,구로디지털단지,540,15,"39,944","4,728","56,218","21,123","148,433","89,180","194,204","231,866","118,577","147,407","70,728","62,536","63,018","46,678","71,553","52,616","67,562","66,308","62,477","61,171","71,538","68,959","87,378","83,410","142,663","113,357","208,982","168,925","102,635","132,598","63,225","88,911","50,913","87,105","39,518","81,743","18,262","47,932","3,549","14,315",4,343,0,0,0,0,2025-10-03 10:13:02
2025-09,2호선,0233,대림(구로구청),865,12,"35,203","3,301","31,455","11,057","72,686","24,917","98,650","57,367","64,934","35,415","40,302","33,175","34,990","34,533","37,189","33,780","35,457","33,090","32,981","34,479","35,421","42,651","38,421","50,204","44,785","63,458","51,157","71,223","26,134","53,243","18,602","41,615","13,774","50,394","10,472","46,975","5,176","22,661",889,"5,469",3,284,0,0,0,0,2025-10-03 10:13:02
2025-09,2호선,0234,신도림,"4,728",14,"38,719","5,551","60,692","20,939","153,180","45,863","159,014","112,004","96,589","74,695","66,433","58,331","63,099","58,313","71,246","61,356","71,869","66,069","72,762","63,892","76,086","74,720","84,024","88,321","105,566","116,088","122,417","171,107","70,438","120,570","55,431","77,231","51,905","73,747","41,503","70,289","20,147","47,038","2,704","21,336",25,"2,759",0,0,0,0,2025-10-03 10:13:02
2025-09,2호선,0235,문래,18,0,"4,410","3,155","15,979","12,361","48,869","44,015","54,549","145,468","30,020","67,422","22,335","27,644","21,459","24,254","26,323","27,240","27,323","28,397","28,265","27,960","30,999","29,554","39,637","35,556","71,452","46,359","119,139","70,140","43,841","45,211","31,080","24,701","32,317","22,152","29,501","19,024","12,277","10,747","2,425","3,929",5,90,0,0,0,0,2025-10-03 10:13:02
2025-09,2호선,0236,영등포구청,57,1,"5,408","3,767","14,868","15,325","45,127","43,536","55,817","136,296","34,279","58,755","24,961","30,264","26,510","26,546","29,757","26,757","30,862","30,086","31,290","28,503","34,243","29,129","42,009","33,249","66,477","43,234","110,115","64,673","40,297","42,554","30,475","25,588","27,057","23,838","19,479","21,496","8,807","13,052","1,849","5,157",2,137,0,0,0,0,2025-10-03 10:13:02
2025-09,2호선,0237,당산,67,11,"8,637","4,195","20,643","16,811","50,924","32,122","63,720","81,501","37,826","34,778","27,026","17,225","24,775","16,864","25,054","20,016","23,876","22,845","21,407","22,671","23,736","27,837","30,727","36,522","45,142","54,253","60,999","81,255","28,635","53,833","23,600","36,481","22,235","34,688","17,984","31,734","8,895","19,066","1,525","5,579",7,144,0,0,0,0,2025-10-03 10:13:02
2025-09,2호선,0238,합정,136,6,"10,509","3,311","18,702","14,477","42,525","33,889","54,376","98,279","36,062","91,180","28,506","55,191","31,094","49,700","37,228","53,879","41,451","58,135","43,093","53,246","48,859","56,688","57,138","67,334","79,201","87,883","116,846","117,994","79,630","80,679","66,272","45,694","72,709","37,333","68,829","32,452","34,674","22,191","6,092","8,438",8,274,0,0,0,0,2025-10-03 10:13:02
2025-09,2호선,0239,홍대입구,926,48,"23,394","3,394","30,781","18,283","64,364","44,882","85,145","120,673","64,560","160,291","58,848","119,675","68,617","134,391","80,462","147,438","94,695","160,825","105,125","155,388","127,302","155,222","157,351","171,999","186,002","197,694","208,843","240,036","176,243","170,930","166,966","106,435","186,375","88,539","178,189","71,324","87,529","48,747","12,072","18,235",10,"1,948",0,0,0,0,2025-10-03 10:13:02
2025-09,2호선,0240,신촌,78,10,"7,818","2,693","14,550","16,494","39,263","42,925","58,053","97,948","44,194","103,219","42,579","80,761","52,715","69,755","62,367","72,645","68,265","75,174","69,449","67,752","79,083","64,859","98,971","72,263","115,479","96,415","110,972","124,849","77,819","82,141","78,987","51,083","82,320","44,992","78,039","39,790","37,327","24,980","7,215","7,243",2,156,0,0,0,0,2025-10-03 10:13:02
2025-09,2호선,0241,이대,32,1,"3,502",886,"10,020","7,658","30,503","18,700","41,076","52,471","25,945","59,571","21,512","45,114","22,699","30,100","33,570","34,314","30,930","37,169","30,482","27,883","40,682","29,660","44,649","30,778","55,721","39,473","52,399","52,896","31,144","37,045","26,210","25,611","25,654","25,244","19,535","25,138","7,487","16,738","1,136","5,004",2,164,0,0,0,0,2025-10-03 10:13:02
2025-09,2호선,0242,아현,5,0,"4,808",999,"11,996","5,463","33,703","12,279","47,083","21,986","27,000","15,316","18,748","13,092","17,262","11,288","19,368","13,093","17,776","14,176","16,301","15,116","19,365","17,845","22,466","20,408","22,243","26,587","21,506","37,697","13,967","27,679","9,803","19,013","7,713","17,126","5,801","16,346","2,258","8,193",352,"2,702",3,50,0,0,0,0,2025-10-03 10:13:02
2025-09,2호선,0243,충정로(경기대입구),13,1,"3,339",979,"6,784","7,338","17,518","28,143","24,401","66,932","15,819","30,515","12,511","14,033","13,105","11,737","13,581","11,986","13,996","14,679","14,296","12,221","15,562","13,666","19,966","14,426","37,254","18,809","50,412","23,123","16,556","15,488","11,958","11,566","10,091","10,860","6,641","10,072","2,800","5,744",569,"1,858",0,76,0,1,0,0,2025-10-03 10:13:02
2025-09,2호선,0244,용답,24,0,"2,447",439,"3,616","1,417","9,182","2,066","15,301","3,880","8,013","5,618","5,477","3,330","4,820","2,878","5,276","3,336","5,332","4,060","4,541","3,677","5,164","4,930","6,543","6,281","5,874","7,626","4,671","12,042","2,994","8,407","2,093","6,069","1,657","6,823","1,142","6,428",606,"3,516",144,"1,187",0,5,0,0,0,0,2025-10-03 10:13:02
2025-09,2호선,0245,신답,6,0,"1,364",75,"2,304",653,"7,668","1,090","11,833","1,754","5,147",962,"2,726","1,170","2,383","1,253","2,251","1,524","2,258","1,523","1,799","2,152","1,861","2,952","2,233","3,915","2,218","5,426","2,141","11,074","1,044","7,370",683,"3,944",481,"4,153",326,"3,197",157,"1,970",38,467,0,0,0,0,0,0,2025-10-03 10:13:02
2025-09,2호선,0246,신설동,47,1,"1,257",262,"1,724","1,889","5,504","5,142","10,535","12,950","6,546","8,858","5,932","7,373","6,650","7,311","7,500","7,780","8,045","8,556","8,035","6,525","8,690","5,957","9,149","5,886","12,175","6,376","11,513","8,214","4,982","6,339","3,895","4,482","3,325","3,940","1,815","3,781",681,"2,368",145,945,0,163,0,0,0,0,2025-10-03 10:13:02
2025-09,2호선,0247,도림천,2,0,400,330,"1,641",893,"3,877","4,451","3,952","6,365","2,407","2,343","2,301","1,659","2,298","1,643","2,188","1,914","1,857","2,161","2,475","1,948","2,766","1,874","3,029","2,216","3,270","2,841","4,044","3,932","1,703","3,083","1,244","2,073","1,008","1,736",714,"1,397",230,971,73,335,0,6,0,0,0,0,2025-10-03 10:13:02
2025-09,2호선,0248,양천구청,31,0,"5,208",813,"13,294","2,655","35,455","5,533","31,348","10,044","17,623","5,879","12,289","4,679","10,932","5,438","10,767","6,919","9,477","8,578","7,646","9,017","8,120","11,607","8,838","15,341","8,935","21,218","9,215","31,953","4,296","24,844","3,162","14,803","2,599","13,823","2,301","10,654",697,"7,456",156,"2,334",2,34,0,0,0,0,2025-10-03 10:13:02
2025-09,2호선,0249,신정네거리,96,1,"9,028",930,"19,749","2,294","54,322","4,763","48,180","12,509","25,779","8,921","18,343","8,005","16,313","8,898","15,892","10,672","14,416","12,302","12,679","13,428","12,156","17,771","12,717","23,061","12,651","32,840","12,027","50,645","7,327","36,373","5,367","21,771","4,505","18,317","3,399","16,822","1,462","10,473",326,"3,031",1,165,0,0,0,0,2025-10-03 10:13:02
2025-09,2호선,0250,용두(동대문구청),54,1,"1,084",94,"2,007",951,"6,440","2,880","10,161","5,722","6,166","3,737","4,567","3,649","4,216","4,099","4,597","3,517","4,710","4,537","4,869","4,560","5,246","5,088","5,621","5,115","5,720","6,114","5,931","9,434","2,684","6,472","1,735","3,985","1,600","3,598",821,"2,561",286,"1,617",59,538,2,12,0,0,0,0,2025-10-03 10:13:02
2025-09,3호선,0309,지축,36,2,"3,418",935,"12,845","4,696","35,284","6,319","34,809","13,700","17,994","8,328","12,343","6,818","10,240","6,782","11,003","8,020","10,020","9,466","9,314","9,416","10,151","11,574","11,379","15,670","13,111","20,902","11,546","32,938","7,673","24,905","6,313","16,316","5,591","14,641","3,839","12,373","1,933","6,730",347,"1,159",0,0,0,0,0,0,2025-10-03 10:13:02
2025-09,3호선,0310,구파발,144,4,"13,953","1,781","38,008","12,292","92,218","25,182","86,934","32,081","49,022","26,713","34,666","28,794","32,444","26,864","33,701","27,932","31,994","30,028","32,381","31,203","36,925","34,179","43,947","41,715","41,523","52,934","31,943","81,972","21,596","64,805","16,819","37,943","14,428","33,833","11,389","30,515","3,263","19,831",710,"8,236",0,395,0,0,0,0,2025-10-03 10:13:02
2025-09,3호선,0311,연신내,360,11,"26,609","2,535","52,800","14,553","127,477","33,679","153,809","48,299","91,772","41,588","63,233","37,364","57,897","39,216","61,793","41,162","55,926","45,290","52,799","48,158","54,546","60,151","63,011","72,081","60,315","90,482","57,973","140,581","39,867","109,197","31,150","68,444","27,131","61,817","22,566","52,928","10,389","33,684","1,962","11,022",7,56,0,0,0,0,2025-10-03 10:13:02
2025-09,3호선,0312,불광,46,3,"10,412","1,523","21,291","7,004","56,563","12,140","66,011","34,568","38,858","30,584","28,095","25,413","26,527","25,296","28,371","27,223","27,262","30,395","27,067","28,567","29,086","32,508","30,582","37,094","32,638","43,150","31,848","62,361","17,500","47,820","13,930","28,937","11,552","25,940","7,693","23,181","3,352","13,521",630,"4,165",0,8,0,0,0,0,2025-10-03 10:13:02
2025-09,3호선,0313,녹번,89,4,"10,125",485,"27,093","3,933","75,802","8,455","81,465","17,652","45,403","11,730","28,149","9,485","23,736","10,468","23,820","12,905","20,572","14,732","17,136","17,168","17,422","22,116","18,868","30,270","19,088","38,798","20,134","64,632","10,081","51,078","7,393","31,584","6,013","28,837","4,524","25,780","1,602","14,102",301,"3,830",0,0,0,0,0,0,2025-10-03 10:13:02
2025-09,3호선,0314,홍제,103,7,"10,972","1,334","26,350","6,724","70,455","11,973","76,003","27,847","48,480","21,874","34,392","20,823","30,491","20,053","31,678","20,477","29,048","22,429","27,317","26,422","28,009","31,129","30,118","37,790","30,747","47,559","29,257","67,810","16,291","53,333","12,831","33,311","9,962","29,834","7,100","24,816","2,874","14,566",452,"3,828",0,1,0,0,0,0,2025-10-03 10:13:02
2025-09,3호선,0315,무악재,3,0,"1,973",168,"6,104","1,457","17,440","3,194","20,617","5,863","12,368","3,820","8,465","3,725","7,309","4,009","6,723","4,479","5,980","4,973","5,568","5,808","5,093","7,040","5,715","8,901","6,550","12,140","6,755","17,718","3,285","13,564","2,211","8,598","1,960","7,988","1,446","6,303",579,"4,139",76,"1,107",0,0,0,0,0,0,2025-10-03 10:13:02
2025-09,3호선,0316,독립문,189,3,"5,338","1,008","7,095","7,106","17,249","16,588","21,439","24,912","17,214","20,467","15,000","17,215","15,708","12,595","17,071","12,649","14,824","14,121","15,537","13,440","18,361","13,840","18,661","15,041","18,881","16,540","17,778","19,818","8,223","14,872","6,349","9,943","5,403","9,134","3,680","7,702","1,249","4,548",181,"1,927",5,580,0,0,0,0,2025-10-03 10:13:02
2025-09,3호선,0317,경복궁(정부서울청사),28,2,"2,567","2,087","6,912","17,035","15,005","47,570","22,768","148,378","21,745","99,241","20,804","60,047","29,170","53,912","35,648","51,053","42,216","49,897","50,178","42,316","62,005","38,498","77,475","37,720","103,982","42,039","124,253","45,467","53,729","27,901","49,494","14,357","45,077","11,911","26,632","10,017","9,147","5,568","1,098","1,554",1,43,0,0,0,0,2025-10-03 10:13:02
2025-09,3호선,0318,안국,45,0,"1,524","2,068","3,187","27,673","6,158","99,812","12,036","132,074","16,596","92,534","19,362","74,229","28,464","71,269","39,753","60,335","45,471","56,844","55,684","53,657","68,466","44,047","95,462","39,725","130,822","36,002","131,228","32,303","60,476","15,253","46,148","7,970","38,673","6,619","20,388","5,555","6,897","2,969",708,928,0,1,0,0,0,0,2025-10-03 10:13:02
2025-09,3호선,0319,종로3가,44,8,898,"1,116","1,471","7,139","2,403","18,291","3,963","43,301","6,825","44,505","9,709","38,297","12,657","30,213","14,904","27,524","17,290","26,433","20,505","24,822","23,930","22,960","28,903","23,266","42,722","23,388","54,607","22,886","29,791","13,419","21,267","8,276","23,084","6,458","19,136","4,945","9,064","3,074","1,226","1,116",0,19,0,0,0,0,2025-10-03 10:13:02
2025-09,3호선,0320,을지로3가,6,0,788,"1,438","1,690","10,440","4,444","38,503","8,971","82,596","12,436","34,026","12,915","16,836","13,446","14,882","12,951","14,612","14,950","15,682","17,201","13,305","19,122","14,689","24,191","16,801","50,347","21,895","74,140","27,231","30,161","15,688","22,333","8,615","22,749","6,625","18,885","5,283","10,433","3,482","1,690",915,0,7,0,0,0,0,2025-10-03 10:13:02
2025-09,3호선,0321,충무로,0,0,0,0,1,0,0,0,2,0,3,0,9,0,10,0,6,0,12,0,12,0,7,0,8,0,20,0,25,0,21,0,8,0,5,0,8,0,7,0,1,0,0,0,0,0,0,0,2025-10-03 10:13:02
2025-09,3호선,0322,동대입구,14,1,"1,555","1,311","3,316","11,206","5,490","18,887","9,152","70,741","9,127","42,011","11,065","44,026","13,550","30,492","14,218","27,246","21,520","30,057","24,948","21,142","26,321","18,264","33,806","19,739","47,054","24,590","52,241","26,945","26,450","14,015","29,830","7,130","25,410","6,599","18,886","4,569","4,836","2,973",625,"1,134",0,70,1,1,0,0,2025-10-03 10:13:02
2025-09,3호선,0323,약수,118,4,"6,822","1,127","10,853","6,440","27,879","16,082","38,275","34,692","27,275","23,409","19,604","17,075","18,409","16,368","20,094","16,422","20,552","17,286","19,902","18,787","22,270","20,673","24,283","25,705","29,248","31,693","32,721","43,481","20,426","27,384","16,627","18,848","15,786","16,677","11,485","15,025","5,077","8,488",853,"3,126",0,446,0,0,0,0,2025-10-03 10:13:02
2025-09,3호선,0324,금호,82,13,"4,488",696,"11,325","2,895","30,887","5,192","40,035","9,826","24,457","6,922","15,216","7,163","13,324","7,279","12,426","8,301","11,411","10,002","9,981","11,178","9,874","13,944","11,183","17,322","12,106","22,868","11,805","32,283","8,708","22,543","6,182","15,577","4,738","13,504","3,636","12,840","1,708","6,281",421,"1,831",0,0,0,0,0,0,2025-10-03 10:13:02
2025-09,3호선,0325,옥수,211,7,"3,267",963,"9,658","4,520","25,840","8,361","34,166","14,120","23,281","11,096","15,846","9,018","14,603","11,079","14,246","12,010","13,955","13,663","14,017","14,748","14,873","18,262","16,726","19,863","18,019","28,221","18,697","37,477","12,686","26,460","10,537","18,055","9,069","15,535","6,628","14,670","2,802","6,368",467,"1,818",0,0,0,0,0,0,2025-10-03 10:13:02
2025-09,3호선,0326,압구정,63,1,"3,093","2,558","8,669","25,511","17,745","51,650","26,569","142,318","22,726","151,723","26,265","81,102","32,053","65,560","39,264","52,776","44,161","53,630","54,926","50,322","64,352","45,858","74,091","47,678","97,584","59,778","134,767","62,530","94,824","34,472","74,170","17,681","52,265","14,218","36,812","11,419","11,217","5,863","1,911","2,093",0,218,0,0,0,0,2025-10-03 10:13:02
2025-09,3호선,0327,신사,39,5,"3,157","1,808","6,337","17,473","12,068","45,348","19,085","111,867","16,965","141,559","19,518","70,924","24,857","47,547","29,261","45,019","35,495","47,452","42,231","42,504","49,227","39,257","59,180","42,123","90,679","51,854","129,770","64,569","89,686","34,334","59,571","17,674","56,864","14,015","45,446","11,182","18,566","7,165","2,869","3,222",0,1,0,0,0,0,2025-10-03 10:13:02
2025-09,3호선,0328,잠원,12,0,"1,804",845,"6,650","9,425","20,955","9,937","27,109","13,279","17,084","10,023","12,261","6,527","11,554","6,506","11,176","8,064","10,934","9,536","9,278","9,916","12,067","11,939","15,456","12,502","16,085","17,783","13,272","21,937","8,727","16,040","6,027","10,896","5,240","10,643","3,612","10,676","1,303","4,630",225,"1,516",0,1,0,0,0,0,2025-10-03 10:13:02
2025-09,3호선,0329,고속터미널,151,2,"5,406","4,254","8,375","36,463","26,897","52,586","49,310","80,395","58,264","99,696","59,313","101,793","70,336","108,046","85,413","99,516","92,797","99,106","107,533","102,215","123,230","107,999","133,288","110,052","147,837","119,030","141,509","125,223","120,852","76,676","134,230","48,567","83,699","37,260","52,048","27,679","18,335","12,919","2,092","2,249",0,2,0,0,0,0,2025-10-03 10:13:02
2025-09,3호선,0330,교대(법원.검찰청),77,16,"1,973",952,"5,173","8,054","12,247","21,273","16,695","52,818","14,700","40,018","15,819","19,340","20,271","14,130","22,769","13,266","27,142","13,394","32,078","12,039","33,762","11,113","37,550","12,400","58,945","17,242","77,144","21,585","36,537","11,721","32,428","6,567","29,970","5,365","21,444","4,844","8,588","2,725","1,389",875,0,2,0,0,0,0,2025-10-03 10:13:02
2025-09,3호선,0331,남부터미널(예술의전당),44,3,"3,226","1,523","10,057","29,881","31,651","72,223","49,039","162,547","41,275","92,068","35,995","52,137","39,753","38,998","42,357","41,250","45,498","47,191","47,092","47,162","54,560","46,964","69,337","51,870","120,499","56,032","140,694","64,491","64,255","41,912","44,599","26,142","39,836","20,340","28,227","17,038","7,567","9,385",920,"2,623",1,12,0,0,0,0,2025-10-03 10:13:02
2025-09,3호선,0332,양재(서초구청),66,3,"5,105","3,337","15,267","43,301","40,565","122,060","51,717","246,641","35,489","125,875","32,167","58,711","34,755","47,801","40,105","44,323","44,270","48,651","51,025","42,854","62,057","44,373","79,935","48,148","144,606","67,570","202,393","80,688","94,572","51,525","68,052","32,591","58,340","28,899","36,886","25,211","12,102","12,634","1,423","3,466",1,48,0,0,0,0,2025-10-03 10:13:02
2025-09,3호선,0333,매봉,17,0,"1,940",732,"7,988","11,071","20,493","25,716","23,626","80,347","17,094","35,811","15,543","18,443","15,225","17,074","15,482","14,507","16,804","13,972","19,839","13,897","22,338","15,320","25,894","16,558","42,065","21,440","65,195","26,024","21,643","17,006","15,804","10,879","16,976","9,342","9,345","8,600","2,889","4,403",337,"1,351",0,43,0,0,0,0,2025-10-03 10:13:02
2025-09,3호선,0334,도곡,36,1,"1,199",378,"5,182","4,815","13,446","15,714","16,565","23,589","11,001","17,473","8,387","8,442","8,196","7,796","8,384","7,442","8,607","7,930","8,989","8,172","11,524","8,423","14,488","8,959","18,918","11,396","19,424","14,094","9,812","10,447","6,911","6,949","5,963","6,248","4,718","5,186","1,161","3,041",206,"1,830",1,305,0,0,0,0,2025-10-03 10:13:02
2025-09,3호선,0335,대치,12,1,"3,025",632,"14,661","8,788","33,683","22,887","33,139","31,195","20,105","20,397","15,547","14,482","14,718","13,138","17,718","19,266","17,962","23,619","16,504","19,843","18,122","25,080","21,645","31,323","35,300","39,588","30,898","36,178","20,560","26,112","14,898","14,999","18,438","14,735","40,887","11,830","4,045","6,169",473,"2,067",0,2,0,0,0,0,2025-10-03 10:13:02
2025-09,3호선,0336,학여울,0,0,733,229,"2,343","2,039","5,022","3,842","5,115","8,468","3,731","7,043","2,874","4,420","3,392","3,376","3,315","3,502","3,815","4,046","3,907","3,832","4,701","3,744","6,462","3,676","8,363","4,386","7,650","5,212","2,904","3,979","2,001","2,768","1,614","2,395","1,556","2,096",343,"1,087",44,366,0,0,0,0,0,0,2025-10-03 10:13:02
2025-09,3호선,0337,대청,86,4,"4,210","1,145","13,624","7,766","35,237","22,211","40,747","29,908","23,447","14,462","17,992","10,587","15,887","9,464","15,557","10,922","15,809","12,188","14,728","12,799","19,778","16,106","23,226","17,860","27,310","24,004","28,798","32,076","12,420","26,419","9,102","18,328","7,671","15,946","5,229","16,142","1,703","7,979",282,"2,676",0,0,0,0,0,0,2025-10-03 10:13:02
2025-09,3호선,0338,일원,12,2,"2,555","1,741","9,834","13,450","29,128","39,021","27,571","29,317","20,283","22,547","19,786","18,593","19,588","14,234","19,399","16,142","17,625","17,331","19,227","16,592","26,717","15,574","32,147","15,179","40,977","17,573","20,576","24,351","11,299","19,281","7,218","13,171","5,462","12,103","3,424","12,137","1,432","5,042",154,"1,610",0,35,0,0,0,0,2025-10-03 10:13:02
2025-09,3호선,0339,수서,152,3,"4,852","2,700","14,830","17,421","41,812","38,895","47,988","60,649","33,123","37,234","36,625","25,273","28,426","22,004","33,754","26,094","31,596","23,099","23,703","25,534","36,714","30,381","38,285","32,908","51,766","40,436","54,452","54,718","25,345","40,776","22,507","28,825","16,834","22,179","14,480","22,555","7,346","9,393",873,"3,410",1,298,0,0,0,0,2025-10-03 10:13:02
2025-09,3호선,0340,가락시장,53,10,"2,920",840,"8,084","6,064","24,162","12,094","24,843","27,317","17,420","14,804","15,452","10,986","14,177","11,719","14,086","12,392","13,990","12,703","13,975","13,463","15,446","15,572","16,840","16,869","20,662","21,496","27,903","28,130","12,469","19,542","9,705","12,636","8,301","10,809","5,695","10,126","2,379","5,111",401,"1,854",2,41,0,0,0,0,2025-10-03 10:13:02
2025-09,3호선,0341,경찰병원,10,0,"3,206",319,"9,266","3,491","26,430","10,559","28,204","28,867","16,699","16,980","12,682","9,763","11,649","7,410","10,337","9,297","10,177","10,424","11,605","9,439","11,468","10,209","11,423","10,991","17,222","16,751","20,050","23,806","7,846","17,937","5,882","10,937","4,777","9,645","3,252","9,104","1,000","5,311",168,"1,460",0,1,0,0,0,0,2025-10-03 10:13:02
2025-09,3호선,0342,오금,14,0,"4,770",16,"10,354","2,801","33,365","6,488","32,973","14,001","17,072","6,421","10,124","5,238","7,978","5,002","8,687","5,830","8,014","6,578","7,244","6,761","7,273","8,948","9,072","10,999","11,232","15,659","12,067","23,307","5,083","16,578","3,719","11,055","3,184","9,282","2,645","11,314",735,"5,225",147,"1,942",0,0,0,0,0,0,2025-10-03 10:13:02
2025-09,4호선,0409,불암산,91,1,"8,973",43,"19,530","4,827","49,540","7,967","39,078","11,030","24,298","10,205","17,816","10,226","16,242","10,022","15,905","10,421","14,865","11,178","13,509","12,270","12,942","14,555","14,178","17,578","13,709","20,693","12,934","28,395","7,941","25,682","5,186","17,431","4,384","15,589","2,949","14,936","1,503","9,850",292,"3,421",0,366,0,0,0,0,2025-10-03 10:13:02
2025-09,4호선,0410,상계,124,3,"16,155",281,"43,461","8,120","92,746","20,571","76,235","22,602","46,942","18,349","32,866","16,141","30,008","17,459","32,113","21,657","29,479","22,890","25,040","24,247","26,185","29,959","28,379","39,054","28,954","49,121","25,539","70,753","16,955","62,618","13,125","39,506","12,000","33,870","11,716","30,262","3,551","19,492",631,"5,788",4,626,0,0,0,0,2025-10-03 10:13:02
2025-09,4호선,0411,노원,330,8,"13,254",979,"27,117","10,358","58,384","16,898","59,413","37,183","37,258","37,043","29,379","27,040","30,118","27,801","33,426","30,036","32,363","34,381","32,447","34,094","34,932","38,963","38,846","47,547","39,959","62,501","39,144","88,351","28,476","68,033","28,993","41,864","27,843","36,340","23,785","31,788","10,664","20,411","2,573","7,630",11,789,0,0,0,0,2025-10-03 10:13:02
2025-09,4호선,0412,창동,"2,296",57,"18,270","2,601","42,794","17,226","95,537","24,872","85,591","51,537","54,775","38,902","44,626","33,145","44,616","34,713","45,499","41,420","42,595","48,482","41,002","49,375","46,465","53,499","53,506","60,734","54,736","73,254","53,100","100,827","31,518","79,949","25,979","50,364","21,687","42,848","16,422","38,951","7,444","22,707","1,288","8,078",1,241,0,0,0,0,2025-10-03 10:13:02
2025-09,4호선,0413,쌍문,178,13,"26,620","1,196","57,623","9,325","132,253","17,103","133,275","30,189","80,516","23,307","55,168","21,640","47,409","23,808","47,999","27,332","43,043","31,066","37,285","33,591","36,111","46,387","39,321","58,333","38,962","73,692","34,985","108,638","23,395","99,502","17,018","62,642","13,032","55,787","9,836","51,271","4,300","32,517",823,"10,414",1,113,0,0,0,0,2025-10-03 10:13:02
2025-09,4호선,0414,수유(강북구청),119,4,"23,271","2,826","48,787","11,776","119,703","23,197","129,815","58,083","82,807","40,785","58,492","31,718","54,505","34,540","56,604","36,734","54,116","42,298","50,281","45,536","51,169","56,459","54,730","71,958","58,667","90,570","65,802","130,447","38,451","110,679","30,643","72,883","26,361","65,426","20,367","61,237","10,828","40,466","1,898","11,215",1,51,0,0,0,0,2025-10-03 10:13:02
2025-09,4호선,0415,미아(서울사이버대학),20,3,"12,209","1,601","22,882","6,869","52,530","20,042","55,026","43,285","36,582","22,514","27,571","18,358","27,160","22,345","27,538","19,238","26,096","21,078","26,143","23,785","26,844","27,893","32,883","31,324","33,359","37,863","31,448","49,590","18,154","40,771","12,426","25,772","11,389","23,515","8,807","20,614","3,075","13,416",463,"3,818",2,14,0,0,0,0,2025-10-03 10:13:02
2025-09,4호선,0416,미아사거리,84,4,"15,675","2,580","38,787","9,142","93,384","23,322","100,360","36,761","60,512","33,416","42,470","29,618","40,495","30,453","41,761","32,505","41,052","36,006","40,001","38,282","43,861","48,258","49,031","57,114","42,817","70,599","43,725","100,914","30,543","75,716","28,337","47,802","17,947","42,187","12,758","36,589","5,891","20,619","1,053","4,951",0,13,0,0,0,0,2025-10-03 10:13:02
2025-09,4호선,0417,길음,56,2,"11,136","1,524","36,516","7,932","94,572","16,842","96,116","39,646","53,562","29,221","35,011","25,038","31,130","29,064","32,147","25,212","31,387","28,478","29,059","30,857","32,319","33,261","37,695","43,407","38,539","58,979","37,457","84,310","20,454","67,112","16,056","41,531","12,939","37,972","12,332","36,489","4,454","20,375",719,"5,343",0,23,0,0,0,0,2025-10-03 10:13:02
2025-09,4호선,0418,성신여대입구(돈암),46,9,"6,376","1,685","20,847","7,706","51,722","19,575","60,651","50,424","41,659","31,227","32,838","26,267","34,165","38,598","39,222","29,928","38,768","32,747","39,385","37,214","41,592","36,866","47,394","45,117","56,566","57,633","55,338","73,829","35,516","57,519","31,866","39,557","33,550","36,772","29,555","34,280","14,381","22,891","2,503","6,716",0,10,0,0,0,0,2025-10-03 10:13:02
2025-09,4호선,0419,한성대입구(삼선교),70,1,"7,018","1,605","13,549","9,675","32,917","19,934","40,114","39,143","28,707","30,986","21,462","24,225","20,406","23,830","24,499","22,753","27,438","24,304","25,098","24,549","30,121","24,191","37,329","26,923","42,096","33,815","37,409","40,115","24,637","30,918","20,275","20,926","18,202","18,986","13,135","18,213","5,521","12,070",927,"5,172",0,"1,462",0,0,0,0,2025-10-03 10:13:02
2025-09,4호선,0420,혜화,24,1,"3,232","2,182","8,582","26,065","18,683","57,704","24,798","124,329","28,455","95,807","35,081","70,999","40,081","64,666","44,372","72,662","46,534","89,324","62,149","76,396","87,278","61,988","101,249","58,811","119,162","72,900","126,609","84,501","75,174","59,409","76,350","22,990","103,880","21,302","86,542","18,221","30,052","11,853","4,162","3,510",0,426,0,0,0,0,2025-10-03 10:13:02
2025-09,4호선,0421,동대문,212,11,"4,275","1,877","3,244","16,208","5,407","34,523","8,047","67,056","14,517","63,982","20,071","56,521","26,833","50,211","31,068","41,300","36,296","40,531","44,977","38,944","52,918","33,494","68,047","27,229","81,869","22,216","60,907","21,079","34,374","20,939","26,347","14,998","23,928","11,409","15,940","8,832","8,491","5,567","1,454","1,607",1,134,0,0,0,0,2025-10-03 10:13:02
2025-09,4호선,0422,동대문역사문화공원(DDP),265,8,"5,650","1,688","5,116","14,261","9,602","31,730","15,639","71,378","19,968","42,725","21,393","34,408","23,180","31,189","24,948","28,746","28,592","30,589","34,133","29,752","41,776","27,706","51,138","27,262","70,242","30,188","84,023","32,939","50,315","33,027","44,581","22,117","39,921","18,963","28,939","16,134","15,648","10,760","2,840","3,119",5,291,0,0,0,0,2025-10-03 10:13:02
2025-09,4호선,0423,충무로,94,9,"3,528","3,124","6,480","24,923","13,908","67,678","23,934","203,262","31,544","112,546","34,649","67,604","36,175","53,471","35,064","49,238","43,432","49,628","49,385","42,620","55,850","38,554","72,305","42,834","119,300","50,943","174,170","56,944","78,118","34,192","60,780","24,499","56,915","24,479","46,711","23,249","25,317","15,571","5,076","4,420",13,298,0,0,0,0,2025-10-03 10:13:02
2025-09,4호선,0424,명동,35,5,"1,735","1,260","4,826","32,106","9,720","59,347","19,694","140,876","35,175","105,712","39,346","75,169","46,684","74,110","48,869","82,057","54,631","78,387","65,251","73,490","83,472","74,584","103,386","77,134","111,096","80,450","151,719","77,048","92,946","62,850","82,942","47,314","80,780","33,492","76,911","19,349","34,458","9,835","2,407","3,056",5,183,0,0,0,0,2025-10-03 10:13:02
2025-09,4호선,0425,회현(남대문시장),18,3,"1,573",777,"3,679","25,617","5,869","60,560","10,369","159,590","15,728","106,498","22,022","87,822","33,712","79,296","41,931","63,467","53,036","55,722","65,234","52,787","76,501","43,534","93,484","34,208","117,448","28,268","135,793","23,751","64,329","14,236","57,031","8,181","23,481","7,541","13,173","6,529","4,574","3,970",652,"1,169",0,97,0,0,0,0,2025-10-03 10:13:02
2025-09,4호선,0426,서울역,299,6,"4,980","1,241","7,038","17,705","14,438","46,627","17,986","102,145","15,656","62,721","14,973","35,985","16,858","34,180","17,212","37,039","16,949","36,683","17,114","34,278","19,208","38,160","25,087","42,178","53,550","45,549","70,873","46,960","27,043","34,519","18,253","25,167","15,491","24,809","11,251","20,185","5,163","9,902",573,"2,693",0,260,1,1,0,0,2025-10-03 10:13:02
2025-09,4호선,0427,숙대입구(갈월),15,2,"3,224",793,"8,502","10,808","20,234","26,006","30,349","58,711","22,960","37,681","17,643","29,031","18,815","25,709","21,944","21,683","24,568","24,710","25,084","22,101","31,309","22,457","42,578","26,672","46,046","35,147","56,781","44,458","29,988","28,970","26,104","18,975","27,827","17,255","22,552","15,711","10,506","9,423","1,336","2,218",1,29,0,0,0,0,2025-10-03 10:13:02
2025-09,4호선,0428,삼각지(전쟁기념관),6,2,610,416,"2,285","5,289","7,757","12,205","11,638","24,093","7,156","13,227","5,695","10,653","6,001","12,174","7,242","13,200","8,856","13,304","9,306","11,516","10,631","12,306","12,082","15,413","17,419","21,406","26,532","29,603","14,027","17,841","14,089","8,856","17,180","7,250","15,855","5,988","8,379","3,672","1,177","1,448",1,34,0,1,0,0,2025-10-03 10:13:02
2025-09,4호선,0429,신용산,7,0,"1,544","1,353","4,287","15,519","13,589","44,762","19,721","104,881","17,804","76,035","16,054","38,330","21,654","35,371","24,078","36,850","28,509","37,923","28,316","35,539","37,631","38,008","48,809","43,357","75,925","51,782","106,749","60,383","53,410","33,871","46,272","18,972","48,668","13,926","36,264","10,151","15,557","4,989","1,896","1,325",6,59,0,0,0,0,2025-10-03 10:13:02
2025-09,4호선,0430,이촌(국립중앙박물관),22,2,"1,228",939,"5,692","8,779","14,584","14,752","18,133","28,470","12,798","24,316","10,127","23,484","12,192","22,440","18,683","23,050","18,974","28,644","21,747","26,796","28,005","24,953","37,278","22,438","38,189","22,871","32,860","28,747","12,816","18,296","10,922","10,968","10,726","9,203","5,539","7,731","1,944","3,965",218,"1,199",0,61,0,0,0,0,2025-10-03 10:13:02
2025-09,4호선,0431,동작(현충원),12,0,290,"3,441",924,"9,763","2,210","3,812","2,575","5,855","2,460","3,425","2,038","2,792","2,430","2,049","2,278","2,149","2,405","3,090","2,409","2,821","3,539","3,151","10,489","3,202","8,853","4,190","6,685","6,239","4,144","5,421","6,518","3,609","5,091","1,764","2,928","1,066","1,059",643,180,333,0,116,0,0,0,0,2025-10-03 10:13:02
2025-09,4호선,0432,총신대입구(이수),86,4,"6,643","1,112","19,377","13,234","51,903","22,005","63,331","42,929","40,682","31,572","30,016","26,880","29,109","26,551","31,910","28,595","33,173","31,609","30,147","34,048","32,301","40,060","36,220","47,011","41,701","59,134","45,546","82,461","27,940","51,501","24,772","30,757","19,960","27,060","16,962","22,867","7,413","13,236","1,263","3,476",9,654,0,0,0,0,2025-10-03 10:13:02
2025-09,4호선,0433,사당,157,32,"11,345","1,335","29,745","18,958","73,590","27,915","85,094","39,659","67,948","29,685","45,553","25,239","36,524","33,065","38,550","32,988","39,767","28,558","37,752","28,629","37,828","33,842","41,198","47,902","49,716","70,262","52,545","101,848","36,952","65,197","33,815","39,439","35,608","36,720","30,684","32,286","15,275","21,212","2,103","6,084",3,612,0,0,0,0,2025-10-03 10:13:02
2025-09,4호선,0434,남태령,15,0,635,94,"1,210","2,018","2,543","5,990","4,042","6,079","2,614","1,974","2,171","1,266","2,309","1,175","2,575","1,381","2,206","1,407","2,205","1,411","3,068","1,556","4,040","1,805","5,558","1,784","4,301","1,814","1,709","1,514","1,070","1,558",783,"1,156",451,986,213,620,30,144,0,0,0,0,0,0,2025-10-03 10:13:02
2025-09,경부선,1001,서울역,10,2,43,804,155,"5,591","12,587","8,934","26,254","10,160","19,333","7,772","16,353","6,858","19,934","4,359","20,673","6,022","17,658","5,435","8,774","5,602","16,427","6,822","18,794","7,421","27,029","10,677","26,517","11,025","28,122","7,817","16,404","5,325","22,417","4,947","15,353","4,024","9,444",739,"1,538",96,2,2,0,0,0,0,2025-10-03 10:13:02
2025-09,경부선,1002,남영,219,1,"2,769","1,555","5,391","7,876","14,669","21,477","21,370","49,209","12,538","29,157","9,532","16,323","10,293","14,467","12,056","12,527","13,112","14,253","12,920","13,038","16,938","13,319","23,166","15,342","30,475","20,312","38,070","26,984","17,740","16,928","15,658","11,368","15,848","10,254","12,778","9,316","5,343","5,053",312,"1,208",0,0,0,0,0,0,2025-10-03 10:13:02
2025-09,경부선,1003,용산,506,17,"4,626","6,187","6,754","38,587","24,997","90,464","35,553","153,549","47,803","118,676","32,920","91,734","55,287","81,513","55,752","89,006","70,170","90,498","58,717","85,616","101,764","88,619","118,829","95,489","139,310","106,041","169,342","106,234","118,499","68,311","114,691","43,171","122,740","29,997","83,733","17,171","31,276","7,264","1,142","2,181",0,0,0,0,0,0,2025-10-03 10:13:02
2025-09,경부선,1004,노량진,515,20,"5,052","2,260","7,598","7,098","19,932","8,993","26,262","16,015","14,037","11,297","10,982","10,098","12,199","12,684","13,279","13,567","15,259","14,253","15,064","14,027","15,535","16,968","18,051","23,767","19,963","34,074","20,259","48,213","17,041","27,863","23,093","14,695","24,172","12,437","16,872","11,173","6,302","6,853",370,"1,471",0,0,0,0,0,0,2025-10-03 10:13:02
2025-09,경부선,1005,대방,666,4,"4,781","2,574","10,422","11,416","26,953","35,688","32,439","46,248","19,285","22,986","14,118","12,235","13,340","12,064","14,979","13,042","14,516","14,939","14,324","13,261","15,486","14,274","17,720","18,770","32,483","26,704","37,308","36,229","14,468","21,810","11,567","15,220","16,607","14,441","8,006","12,947","2,137","7,637",146,"1,984",0,0,0,0,0,0,2025-10-03 10:13:02
2025-09,경부선,1006,영등포,"4,594",77,"14,916","7,803","17,443","25,635","43,409","66,194","63,599","137,407","40,277","94,064","41,096","72,826","48,589","83,088","55,669","87,336","59,530","88,420","63,641","77,187","88,818","77,020","102,358","80,061","125,226","91,715","164,743","109,361","96,030","68,028","93,584","40,946","71,449","33,476","54,610","27,336","23,170","15,334",857,"4,107",0,0,0,0,0,0,2025-10-03 10:13:02
2025-09,경부선,1007,신도림,586,5,"2,147",951,"3,972","3,436","9,287","8,214","11,499","15,154","6,728","8,166","4,695","5,072","4,653","4,562","4,912","5,288","4,773","5,638","4,701","5,285","5,463","6,610","6,351","7,553","10,719","10,251","13,741","13,985","6,256","8,259","4,761","5,282","4,026","4,984","3,469","4,142","1,474","2,529",60,"1,355",0,0,0,0,0,0,2025-10-03 10:13:02
2025-09,경부선,1032,신길,"1,188",6,"8,548","1,588","11,437","6,218","25,406","20,968","33,095","30,455","18,326","12,667","11,850","7,227","10,039","6,724","12,368","7,730","11,159","9,276","9,781","8,806","10,983","10,577","13,599","12,531","20,765","16,898","29,097","23,011","10,837","16,175","8,242","11,969","9,997","12,125","6,057","10,087","1,848","6,040",109,"1,682",0,1,0,1,0,0,2025-10-03 10:13:02
2025-09,경부선,1701,구로,"12,779",97,"19,706","4,313","18,392","14,907","38,928","33,776","37,057","70,377","25,532","38,149","20,398","28,154","21,338","25,309","23,252","24,231","24,085","24,424","24,865","23,462","29,509","25,644","36,833","30,035","54,294","39,480","55,853","42,072","24,800","28,828","20,019","19,445","16,804","18,695","11,283","15,495","3,918","11,862",34,"10,770",1,39,0,0,0,0,2025-10-03 10:13:02
2025-09,경부선,1702,가산디지털단지,"1,422",14,"7,069","2,198","8,131","12,915","18,480","65,371","18,766","168,654","11,911","76,216","10,856","24,807","12,268","16,015","14,106","16,543","15,136","15,923","15,506","16,128","19,250","16,123","29,672","19,790","84,604","25,813","115,161","31,441","44,258","22,443","27,375","14,920","21,355","13,496","13,007","13,082","5,532","7,326",209,"1,236",0,9,0,0,0,0,2025-10-03 10:13:02
2025-09,경부선,1703,금천구청,643,1,"11,631","1,306","19,309","6,442","45,744","16,410","41,322","29,818","23,744","12,195","17,042","9,555","15,266","9,928","15,084","11,447","13,931","12,792","12,996","13,111","13,399","17,190","15,696","22,367","16,963","31,118","26,633","43,987","10,729","30,909","7,740","17,533","6,396","16,494","3,950","13,758","1,287","8,133",52,791,0,0,0,0,0,0,2025-10-03 10:13:02
2025-09,경부선,1704,석수,476,2,"8,277","2,614","16,757","5,964","36,737","11,821","34,902","13,611","19,302","9,314","13,674","6,952","12,086","5,865","11,745","6,796","10,699","7,820","9,794","9,136","11,405","11,263","12,892","14,463","16,241","21,742","14,173","30,955","8,456","23,463","5,646","14,659","4,457","14,045","3,204","12,161","1,347","6,917",74,701,0,0,0,0,0,0,2025-10-03 10:13:02
2025-09,경부선,1705,관악,231,0,"8,467","1,566","14,317","3,993","34,694","7,485","29,514","11,828","16,022","9,759","11,252","9,047","9,858","7,253","11,272","7,264","11,092","7,587","9,427","8,135","9,251","9,575","10,527","12,984","11,439","18,904","10,593","29,505","6,136","21,592","5,015","13,138","3,974","12,257","2,342","10,543","1,040","6,779",71,895,0,0,0,0,0,0,2025-10-03 10:13:02
2025-09,경부선,1706,안양,430,1,"16,646","2,991","40,708","11,769","98,464","20,722","83,412","56,210","45,544","55,345","33,502","34,233","33,240","33,825","39,973","31,630","38,004","37,609","35,690","31,038","44,228","38,202","56,809","44,263","55,341","64,059","41,799","95,058","25,519","66,688","22,382","38,754","20,162","33,527","17,288","26,298","7,676","18,321",411,"3,161",0,0,0,0,0,0,2025-10-03 10:13:02
2025-09,경부선,1707,명학,190,2,"6,666","1,906","11,171","8,187","27,955","27,813","23,630","54,133","12,167","16,003","8,673","9,808","9,357","12,863","10,311","7,504","10,101","9,067","12,541","8,687","11,763","7,531","16,132","9,705","32,089","13,675","36,252","21,190","11,890","17,996","9,913","9,728","6,546","8,346","4,153","8,139","1,623","5,982",156,"1,309",0,0,0,0,0,0,2025-10-03 10:13:02
2025-09,경부선,1708,금정,981,21,"25,716","5,896","42,464","21,782","101,153","51,581","96,300","100,232","57,659","37,175","39,733","23,613","35,196","25,490","36,993","26,284","34,466","29,668","31,191","30,720","34,003","39,897","42,116","48,663","71,991","69,749","78,850","98,317","36,441","79,683","27,681","48,589","22,025","46,221","16,324","37,681","7,374","24,094",643,"10,117",0,17,0,0,0,0,2025-10-03 10:13:02
2025-09,경부선,1709,군포,101,1,"5,715","2,400","8,951","11,786","18,811","35,093","17,160","38,944","9,729","8,209","7,362","4,660","7,196","4,188","7,362","4,951","6,577","5,270","6,150","5,524","7,437","6,997","11,015","7,444","26,342","10,795","33,374","13,967","11,038","11,628","7,938","6,865","4,327","6,308","2,378","5,497","1,023","3,272",51,674,0,0,0,0,0,0,2025-10-03 10:13:02
2025-09,경부선,1710,의왕,181,0,"6,999","2,897","14,382","9,203","29,926","36,054","29,538","31,568","14,599","11,851","11,126","7,296","10,264","6,882","11,253","7,700","10,088","8,500","9,686","8,082","11,858","10,703","16,908","13,826","31,355","18,903","25,627","28,286","12,408","20,887","9,605","13,022","6,307","11,816","3,928","9,734","1,673","6,572",130,"1,206",0,0,0,0,0,0,2025-10-03 10:13:02
2025-09,경부선,1711,성균관대,307,5,"10,022","2,558","31,653","7,820","77,583","11,427","60,387","32,262","30,343","22,122","22,248","17,128","20,193","16,212","22,398","15,549","21,914","20,167","19,185","17,466","20,993","22,050","29,878","28,864","30,262","42,870","28,854","65,953","17,526","50,059","14,080","30,288","12,684","27,864","10,801","24,263","5,485","16,056",314,"2,886",0,0,0,0,0,0,2025-10-03 10:13:02
2025-09,경부선,1712,화서,476,40,"10,318","1,233","27,452","4,315","52,256","6,943","39,509","14,495","17,625","11,588","13,463","11,736","12,276","15,304","12,454","16,852","12,397","18,920","13,853","17,423","16,734","18,901","20,208","22,545","21,292","30,789","19,878","50,266","15,339","34,443","12,753","19,709","11,518","14,625","10,376","13,081","1,981","8,310",100,"1,565",0,0,0,0,0,0,2025-10-03 10:13:02
2025-09,경부선,1713,수원,"2,538",93,"20,883","4,956","40,348","31,775","83,263","59,335","75,330","84,690","51,291","75,395","46,203","72,960","49,829","69,326","55,838","79,174","59,997","74,286","59,422","73,074","78,145","74,281","94,726","90,916","97,770","106,781","106,158","132,954","79,851","91,396","82,653","54,587","66,777","42,787","53,018","34,010","22,261","22,606",727,"7,358",0,0,0,0,0,0,2025-10-03 10:13:02
2025-09,경부선,1714,독산,722,4,"8,626","2,409","20,739","12,211","53,506","45,819","52,407","92,353","25,933","40,149","19,276","14,657","18,738","11,721","19,097","13,064","18,014","14,584","17,364","13,603","18,254","16,946","29,447","21,393","55,448","30,340","67,081","49,212","27,552","37,297","16,895","21,878","11,470","22,105","7,381","21,000","2,719","11,651",148,818,0,0,0,0,0,0,2025-10-03 10:13:02
2025-09,경부선,1715,세류,708,7,"4,377",771,"10,632","3,114","18,332","4,056","13,102","4,492","6,541","3,253","5,026","2,859","4,671","3,249","4,670","3,847","4,119","3,629","3,677","3,727","4,629","4,488","6,027","6,177","7,080","8,151","5,488","14,180","3,414","10,562","2,728","7,926","2,355","6,826","1,322","5,088",430,"3,297",14,963,0,0,0,0,0,0,2025-10-03 10:13:02
2025-09,경부선,1716,병점,"3,258",31,"8,546","3,396","32,787","11,846","60,188","22,459","49,475","34,864","32,284","20,511","26,172","15,594","24,757","16,713","25,458","19,830","21,388","18,872","21,700","21,725","25,405","25,749","30,491","33,098","36,899","44,556","34,418","53,899","20,381","45,143","14,290","32,262","12,116","23,566","9,130","24,210","3,259","16,020",45,"7,079",0,0,0,0,0,0,2025-10-03 10:13:02
2025-09,경부선,1717,세마,183,1,"2,625","1,315","7,601","2,334","13,045","5,493","11,958","10,606","7,176","2,992","4,887","2,194","4,681","2,714","4,569","2,684","4,639","3,468","4,170","3,565","4,330","3,774","6,018","7,372","7,657","9,212","9,108","9,843","3,306","9,472","2,520","6,251","1,901","5,618","1,332","4,940",575,"2,630",69,255,0,0,0,0,0,0,2025-10-03 10:13:02
2025-09,경부선,1718,오산대,193,2,"3,115","1,170","8,737","2,924","15,197","4,564","12,504","11,642","7,110","4,518","5,653","4,063","4,963","3,564","5,083","3,649","5,783","4,685","5,179","4,619","6,189","4,331","8,081","6,982","8,555","9,888","9,413","13,438","4,115","11,563","3,461","6,220","3,186","5,810","2,066","4,268","1,013","2,843",98,282,0,0,0,0,0,0,2025-10-03 10:13:02
2025-09,경부선,1719,오산,562,4,"7,724","2,558","18,145","11,058","30,237","28,896","31,540","22,514","21,635","15,241","18,890","11,991","17,879","10,588","18,494","13,866","16,177","15,218","16,309","15,232","17,576","19,685","23,787","24,047","25,764","29,607","26,330","33,900","16,567","25,845","12,211","19,178","9,307","14,845","4,969","10,422","2,060","8,800",132,774,0,0,0,0,0,0,2025-10-03 10:13:02
2025-09,경부선,1720,진위,38,0,"1,037",404,"1,720","3,122","3,418","9,619","3,029","8,539","2,091","2,759","1,700","2,256","1,635","1,168","1,776","1,001","1,928","1,238","1,733","1,249","4,171","1,581","4,605","1,794","8,205","2,431","7,719","2,792","3,220","2,365","1,830","1,631","1,043","1,401",581,"1,021",275,938,10,59,0,0,0,0,0,0,2025-10-03 10:13:02
2025-09,경부선,1721,송탄,89,3,"5,661","1,031","8,505","3,131","14,093","6,449","12,385","10,359","9,073","4,590","7,881","4,179","7,988","4,700","7,516","4,981","7,070","5,422","6,758","6,143","8,180","7,376","9,813","8,661","8,879","11,619","9,219","12,647","5,353","12,502","3,790","9,069","3,025","7,279","1,929","6,239","1,011","5,962",81,453,0,0,0,0,0,0,2025-10-03 10:13:02
2025-09,경부선,1722,서정리,101,3,"5,128","2,779","14,877","6,996","20,512","16,297","19,653","20,928","15,074","10,709","13,066","7,602","12,277","7,845","13,336","10,365","11,493","11,142","12,290","10,932","14,687","12,897","19,479","18,109","30,657","21,511","18,779","20,416","10,568","19,400","8,128","15,054","6,170","10,705","4,591","10,393","2,402","7,991",112,882,0,0,0,0,0,0,2025-10-03 10:13:02
2025-09,경부선,1723,평택지제,33,0,"2,692","3,365","5,715","7,951","13,510","12,445","12,424","7,661","7,603","5,228","6,126","3,664","5,515","4,231","6,275","4,517","4,899","4,227","4,958","4,633","7,119","6,392","7,872","8,206","13,243","9,775","9,771","11,084","7,224","9,069","5,312","6,640","4,075","6,071","4,633","5,136","2,643","3,482",32,340,0,0,0,0,0,0,2025-10-03 10:13:02
2025-09,경부선,1724,평택,250,6,"8,766","3,414","14,733","10,286","29,526","17,507","33,791","26,483","27,722","23,124","23,915","18,017","22,491","21,030","22,506","21,924","23,386","22,285","22,592","24,841","25,296","27,613","29,034","36,166","32,604","39,757","29,123","39,074","20,945","24,388","20,302","21,587","14,391","15,818","11,949","12,237","6,773","6,930",89,"2,326",0,0,0,0,0,0,2025-10-03 10:13:02
2025-09,경부선,1725,성환,41,0,"2,275","1,111","4,151","4,075","6,973","14,484","7,379","24,367","7,182","28,392","6,903","11,317","7,288","6,536","9,794","9,974","12,565","9,855","11,745","5,612","19,481","6,153","28,245","7,060","24,919","8,188","15,546","8,212","6,829","6,595","5,480","6,539","3,434","5,645","2,443","6,086","1,020","4,806",76,"1,113",0,0,0,0,0,0,2025-10-03 10:13:02
2025-09,경부선,1726,직산,55,3,889,421,"1,810","1,626","2,915","3,641","2,686","3,772","2,005","1,435","1,564",994,"1,539","1,042","1,417","1,177","1,287","1,237","1,346","1,234","1,711","1,287","1,771","1,727","4,068","2,276","3,595","2,259","1,228","2,237","1,001","1,484",683,"1,370",302,"1,131",152,972,21,187,0,0,0,0,0,0,2025-10-03 10:13:02
2025-09,경부선,1727,두정,"1,076",9,"5,418","1,333","11,924","3,907","19,979","10,673","19,466","26,361","16,973","25,301","12,704","16,191","12,550","14,181","14,870","14,912","14,691","13,797","14,552","11,446","17,723","11,800","18,838","17,235","19,989","19,700","17,118","26,536","12,075","17,596","9,791","14,047","9,155","10,847","6,063","12,701","3,020","9,562",34,"2,678",0,0,0,0,0,0,2025-10-03 10:13:02
2025-09,경부선,1728,천안,"1,511",2,"3,151",944,"6,881","3,899","12,945","7,652","11,990","16,725","13,738","14,304","11,554","11,911","13,372","13,266","12,290","13,686","14,135","12,788","18,318","12,443","20,658","13,743","22,645","14,535","20,013","20,380","17,962","18,049","10,940","11,957","8,877","9,233","6,428","7,043","4,023","5,242","2,305","3,388",20,"2,395",0,0,0,0,0,0,2025-10-03 10:13:02
2025-09,경부선,1729,당정,53,1,"5,133",803,"12,497","3,916","26,564","9,861","23,215","18,406","12,423","10,416","8,969","7,387","8,756","5,542","9,692","6,752","8,223","6,295","8,273","6,030","9,421","7,272","11,546","9,847","14,561","13,897","14,564","22,408","6,132","16,925","4,627","11,160","3,759","9,653","2,882","9,397","1,004","5,893",79,"1,212",0,0,0,0,0,0,2025-10-03 10:13:02
2025-09,경부선,1749,서동탄,2,0,"1,685",8,"6,683",675,"11,458","1,411","4,326","1,029","2,914",975,"1,801",684,"1,816",936,"1,584","1,045","1,432","1,114","1,307","1,285","1,555","1,733","1,521","2,191","1,877","3,003","1,880","5,607",889,"5,947",700,"2,480",465,"2,006",410,"2,390",138,"1,445",2,"1,013",0,0,0,0,0,0,2025-10-03 10:13:02
2025-09,경부선,1750,광명,0,0,19,"1,885","3,761","3,341","12,511","6,905","10,523","8,842","7,076","6,316","4,081","4,250","7,202","2,404","5,231","7,796","5,062",160,"3,410","8,064","6,384","3,943","7,260","5,127","10,108","7,221","10,602","12,575","8,179","6,574","3,122","4,323","6,667","2,968","2,368","4,603",948,56,1,0,0,0,0,0,0,0,2025-10-03 10:13:02
2025-09,경인선,1801,개봉,"1,607",13,"19,741","5,644","43,920","12,159","105,386","15,835","97,803","25,377","56,194","23,267","39,010","18,419","34,333","20,956","34,039","26,414","30,943","27,462","27,305","28,741","29,260","38,574","30,990","50,154","34,715","67,273","31,565","101,152","19,458","70,030","15,864","44,797","13,125","40,202","9,959","33,520","3,500","18,277",50,"1,694",0,0,0,0,0,0,2025-10-03 10:13:02
2025-09,경인선,1802,오류동,692,3,"13,159","1,719","20,800","4,014","52,905","5,502","51,213","11,848","31,125","11,522","22,431","9,721","19,704","9,513","19,785","12,664","17,950","14,544","15,114","13,960","15,521","18,653","16,168","22,211","14,980","28,112","13,559","45,591","8,408","37,257","6,260","23,654","5,187","21,723","3,475","18,681","1,576","12,014",46,"1,582",0,0,0,0,0,0,2025-10-03 10:13:02
2025-09,경인선,1803,역곡,"1,328",19,"30,462","3,064","48,499","8,661","117,419","14,736","112,362","39,823","64,028","37,758","42,449","24,010","37,547","26,680","39,163","30,613","38,083","33,674","32,467","32,393","34,526","39,260","40,781","56,243","45,993","74,715","38,049","115,467","22,761","86,307","17,993","50,353","14,950","49,100","11,695","40,670","5,235","25,443",313,"3,705",0,0,0,0,0,0,2025-10-03 10:13:02
2025-09,경인선,1804,부천,"4,496",34,"40,286","4,855","45,154","12,156","101,354","19,987","103,298","51,154","64,696","49,255","49,069","41,843","50,587","40,862","52,200","50,885","50,055","52,790","49,171","49,476","54,758","57,439","60,164","64,600","58,789","90,564","57,785","110,947","37,091","87,627","29,457","54,931","25,238","49,659","19,645","41,540","8,999","26,939",690,"5,370",0,0,0,0,0,0,2025-10-03 10:13:02
2025-09,경인선,1805,송내,"1,894",8,"17,610","7,995","42,758","15,977","110,620","30,535","89,136","77,595","54,385","40,503","37,690","24,063","36,828","22,193","36,489","26,171","33,288","26,979","29,390","28,163","33,173","33,201","38,445","42,944","49,171","64,271","73,489","94,564","28,299","79,602","21,845","48,350","17,219","41,128","13,317","34,678","6,051","21,834",560,"3,666",0,0,0,0,0,0,2025-10-03 10:13:02
2025-09,경인선,1806,부평,"11,889",66,"24,235","4,018","39,268","10,377","94,657","20,428","82,832","35,691","49,949","39,217","39,848","35,861","41,347","40,500","44,093","45,455","43,781","52,644","44,066","53,503","49,722","55,517","53,842","67,711","57,534","90,649","54,463","116,911","39,970","93,555","36,892","53,887","34,147","46,418","27,524","36,880","14,029","23,496","2,063","7,399",2,3,0,0,0,0,2025-10-03 10:13:02
2025-09,경인선,1807,백운,238,23,"9,422","1,423","16,461","2,189","31,149","4,572","29,080","10,558","16,746","7,039","12,800","5,987","12,014","7,323","12,030","7,995","10,520","8,532","9,378","9,694","9,275","11,834","10,317","14,852","10,562","19,791","8,683","26,978","4,726","23,940","3,542","13,586","3,745","12,781","2,274","10,001","1,168","5,854",118,"2,219",0,0,0,0,0,0,2025-10-03 10:13:02
2025-09,경인선,1808,동암,924,19,"23,106","3,189","30,146","6,678","61,492","13,391","57,683","17,539","34,373","14,708","26,136","14,598","24,019","16,628","25,221","18,154","23,322","19,226","20,465","20,048","20,182","24,694","21,987","33,202","23,590","46,192","21,604","56,743","13,680","49,860","10,923","32,850","9,233","29,307","6,857","24,470","3,663","14,432",380,"4,392",0,0,0,0,0,0,2025-10-03 10:13:02
2025-09,경인선,1809,주안,"1,459",35,"15,442","3,185","30,992","7,735","63,393","18,594","55,377","30,585","36,274","25,979","28,050","18,876","28,301","18,566","31,545","21,414","29,356","21,287","26,869","22,235","30,957","24,015","33,223","33,016","39,655","41,731","36,340","55,727","21,882","54,916","18,714","31,558","16,986","28,530","12,535","24,803","6,353","17,311",609,"5,657",0,0,0,0,0,0,2025-10-03 10:13:02
2025-09,경인선,1810,제물포,"1,243",19,"8,983","1,703","19,675","5,450","42,126","16,363","34,096","38,137","20,784","19,669","17,025","10,991","16,816","9,902","17,696","13,942","15,931","13,555","15,203","12,884","21,343","14,612","25,813","19,528","24,469","25,138","24,458","33,954","10,280","30,039","8,205","17,043","7,180","15,709","4,374","14,979","1,580","9,580",64,"3,011",0,0,0,0,0,0,2025-10-03 10:13:02
2025-09,경인선,1811,동인천,"1,832",13,"7,726","2,404","18,669","11,245","43,844","23,248","34,055","31,338","22,273","17,050","19,733","17,464","20,453","19,387","22,226","19,403","21,998","21,331","21,910","20,687","27,886","21,972","30,754","25,102","36,534","27,735","36,048","34,928","17,249","34,112","12,303","18,976","10,630","16,344","5,879","14,007","2,203","8,855",14,"3,087",0,0,0,0,0,0,2025-10-03 10:13:02
2025-09,경인선,1812,인천,466,3,"1,558",987,"3,501","3,788","5,960","7,797","5,124","11,023","4,188","7,227","4,687","8,081","5,267","9,310","6,534","9,739","7,742","8,835","10,152","8,260","12,023","6,827","14,463","6,230","15,342","5,702","14,023","5,070","7,358","3,783","5,923","2,662","4,268","2,181","2,494","1,859",680,"1,282",7,896,0,0,0,0,0,0,2025-10-03 10:13:02
2025-09,경인선,1813,구일,401,12,"4,841","2,483","11,676","8,107","28,643","9,523","25,434","14,622","14,548","14,734","10,867","7,368","10,163","6,955","10,580","10,312","8,883","14,215","9,522","9,670","12,761","12,983","18,506","17,929","17,510","29,840","13,559","38,519","7,329","21,705","6,633","11,574","23,515","10,984","10,899","8,756","1,483","5,900",31,501,0,0,0,0,0,0,2025-10-03 10:13:02
2025-09,경인선,1814,소사,"1,474",17,"13,583","2,755","14,820","5,172","31,458","7,387","28,401","10,599","18,400","9,358","14,349","8,716","12,651","8,291","13,641","10,149","12,665","10,984","11,279","10,334","12,044","12,497","13,695","15,236","13,360","19,958","10,989","26,615","6,779","21,349","4,843","13,853","3,794","12,786","2,285","11,492","1,078","6,940",77,"1,973",0,0,0,0,0,0,2025-10-03 10:13:02
2025-09,경인선,1815,부개,"2,421",5,"11,316","1,536","18,248","3,092","43,521","6,224","34,883","11,725","20,090","6,815","15,194","6,725","13,066","7,974","13,281","9,364","12,363","9,689","10,446","11,477","10,521","13,819","12,158","18,087","11,448","23,479","11,402","31,248","5,814","26,346","4,491","15,963","3,480","14,651","2,250","11,403","1,278","7,845",146,"2,007",0,0,0,0,0,0,2025-10-03 10:13:02
2025-09,경인선,1816,간석,541,3,"6,655","1,081","12,028","2,598","23,980","4,713","21,710","9,934","12,223","5,181","10,101","5,566","9,492","5,656","9,964","6,325","8,806","7,695","8,045","7,885","8,433","8,623","8,868","12,841","8,870","14,825","9,475","20,181","5,062","18,119","3,878","10,834","3,155","8,871","2,359","7,545","1,150","5,467",158,"2,023",0,0,0,0,0,0,2025-10-03 10:13:02
2025-09,경인선,1817,도원,805,28,"2,197","2,684","3,690","4,130","8,055","7,090","7,950","21,390","4,929","3,750","4,582","4,403","4,819","3,706","5,230","4,429","5,415","5,818","5,099","4,734","9,429","4,664","13,480","5,828","10,982","6,844","8,051","8,229","3,088","6,399","2,355","4,203","3,938","3,270","1,033","2,703",341,"2,250",17,"1,190",0,0,0,0,0,0,2025-10-03 10:13:02
2025-09,경인선,1821,온수(성공회대입구),445,8,"6,209","1,576","9,217","3,595","24,252","10,034","21,415","14,092","14,741","8,519","10,910","6,187","10,741","6,806","11,699","7,984","10,166","8,359","9,932","8,542","11,819","9,933","14,305","11,585","13,099","14,754","11,083","22,659","5,347","16,201","4,216","10,869","4,352","9,750","2,607","8,866","1,413","5,109",123,911,0,0,0,0,0,0,2025-10-03 10:13:02
2025-09,경인선,1822,중동,"1,326",30,"11,190","1,632","19,228","4,490","45,924","6,016","35,435","11,944","21,766","8,585","15,767","8,509","14,335","8,993","14,895","10,172","13,179","11,415","12,264","11,787","11,970","14,476","12,412","17,882","13,673","25,055","11,556","33,352","6,746","27,563","5,078","16,956","4,031","14,259","2,816","12,874","1,094","7,993",130,"1,752",0,0,0,0,0,0,2025-10-03 10:13:02
2025-09,경인선,1823,도화,596,4,"4,927",515,"8,100","1,942","17,202","4,813","13,914","8,627","9,059","5,265","7,727","4,305","7,471","4,521","7,379","5,510","7,035","5,639","6,577","5,850","6,888","6,895","7,719","9,435","6,982","10,409","7,306","11,610","3,340","11,018","2,647","6,672","2,199","5,227","1,486","4,473",664,"3,593",41,"1,607",0,0,0,0,0,0,2025-10-03 10:13:02
2025-09,경원선,1008,이촌(국립중앙박물관),77,1,"1,307",523,"3,895","3,262","10,226","5,461","11,633","9,271","8,903","5,471","7,211","4,494","6,977","4,569","6,655","4,666","6,852","5,547","6,596","5,550","7,914","6,503","9,462","7,320","10,507","8,680","10,395","11,629","5,869","8,448","10,026","5,227","11,420","4,177","5,160","3,902","1,368","2,247",77,693,0,0,0,0,0,0,2025-10-03 10:13:02
2025-09,경원선,1009,서빙고,98,2,"1,034",826,"2,462","5,193","3,754","4,437","4,226","10,064","3,799","4,368","3,387","3,536","2,903","2,698","3,645","2,836","3,956","3,950","4,001","2,994","4,550","4,172","7,796","3,834","9,452","3,697","7,532","5,094","3,278","4,167","3,089","2,273","3,715","2,065","1,957","1,498",473,914,25,261,0,0,0,0,0,0,2025-10-03 10:13:02
2025-09,경원선,1010,한남,175,2,865,769,"1,677","5,295","2,864","12,349","3,168","15,260","3,247","12,897","3,683","7,010","4,664","4,951","5,359","5,379","4,364","5,390","6,028","4,160","7,455","4,475","9,230","5,191","15,569","5,934","13,865","6,613","7,962","4,396","5,755","2,525","5,584","2,226","4,778","1,401","1,762",858,131,328,0,0,0,0,0,0,2025-10-03 10:13:02
2025-09,경원선,1011,옥수,0,0,0,32,0,73,36,20,81,315,30,15,32,199,24,178,21,103,30,30,28,20,20,50,532,72,421,52,58,44,364,17,42,18,55,18,20,11,15,0,0,0,0,0,0,0,0,0,2025-10-03 10:13:02
2025-09,경원선,1012,응봉,182,4,"1,459",244,"3,163","1,144","7,808","1,573","7,522","2,422","5,010","1,975","3,629","1,784","3,128","1,648","3,029","2,150","2,609","2,210","2,577","2,806","2,975","2,961","3,125","4,020","3,081","4,909","3,015","5,921","1,859","4,775","1,402","3,133","1,080","2,525",707,"2,036",329,"1,218",38,428,0,0,0,0,0,0,2025-10-03 10:13:02
2025-09,경원선,1013,왕십리(성동구청),"1,165",15,"6,377","1,706","10,123","6,641","30,458","14,975","45,889","24,286","29,508","23,621","18,719","21,286","20,179","23,297","25,332","25,732","27,009","25,827","28,458","26,322","33,227","29,667","38,925","35,585","42,465","49,821","38,404","68,856","30,086","48,474","29,757","29,975","30,972","25,106","27,822","23,701","11,904","11,473","1,309","3,948",0,1,0,0,0,0,2025-10-03 10:13:02
2025-09,경원선,1014,청량리(서울시립대입구),"1,573",11,"5,503","2,066","8,852","14,968","31,679","17,827","44,749","24,325","31,165","35,468","35,375","31,465","29,674","38,472","31,304","32,779","32,753","32,396","34,159","37,930","37,007","36,562","39,447","41,594","37,426","41,725","38,438","54,701","30,349","37,310","26,384","21,768","18,033","19,662","10,008","14,227","6,014","6,892",253,"3,237",0,0,0,0,0,0,2025-10-03 10:13:02
2025-09,경원선,1016,외대앞,530,24,"5,070","2,489","11,331","9,996","30,632","7,764","32,738","31,836","18,773","15,777","14,677","20,748","15,759","22,076","16,995","16,637","18,062","14,154","20,258","17,685","23,875","15,973","28,973","18,663","34,814","24,060","23,545","34,937","15,050","25,797","12,753","17,394","13,054","17,132","10,112","17,653","5,027","12,676",369,"2,979",0,0,0,0,0,0,2025-10-03 10:13:02
2025-09,경원선,1017,신이문,"1,693",13,"9,001","1,031","15,640","3,115","38,364","4,436","41,639","8,569","23,251","5,839","15,417","6,415","13,489","7,540","12,618","8,802","11,788","9,732","10,035","10,012","10,426","15,428","10,608","18,420","10,144","22,560","9,209","33,483","5,780","23,522","4,141","16,681","3,033","14,329","2,147","13,732","1,069","8,441",75,"2,019",0,0,0,0,0,0,2025-10-03 10:13:02
2025-09,경원선,1018,석계,"1,816",19,"6,076","2,441","11,836","6,490","23,393","5,862","24,452","8,976","16,864","7,613","14,136","7,302","13,001","9,460","13,116","9,467","12,625","10,783","11,293","11,177","11,580","16,020","13,183","19,770","14,673","24,368","11,027","36,136","8,198","23,964","6,534","16,452","6,023","14,375","5,014","12,917","2,573","7,819",127,"1,882",0,0,0,0,0,0,2025-10-03 10:13:02
2025-09,경원선,1019,광운대,"2,593",9,"7,341","1,272","15,851","3,148","34,590","7,049","30,776","21,780","17,042","11,917","12,814","12,329","12,939","16,969","12,997","11,171","14,795","13,472","14,992","12,784","15,770","13,259","17,694","16,355","18,410","19,444","14,724","28,859","8,314","22,105","7,670","14,431","7,205","12,454","5,713","12,210","2,847","9,512",193,"5,009",0,7,0,0,0,0,2025-10-03 10:13:02
2025-09,경원선,1020,월계,"1,178",6,"5,515","1,382","10,473","2,797","26,943","6,810","25,153","17,003","15,542","16,548","12,254","9,169","12,399","7,662","12,920","8,924","12,460","12,364","11,660","9,193","13,914","10,556","17,917","13,127","14,752","15,367","11,437","24,404","5,873","16,796","4,673","11,023","4,185","9,453","3,763","8,940","1,331","5,193",92,"1,167",0,1,0,0,0,0,2025-10-03 10:13:02
2025-09,경원선,1021,녹천,"1,739",36,"4,477",903,"8,820","1,740","22,127","5,145","19,876","5,171","10,550","3,263","8,160","3,416","7,358","3,206","7,668","4,137","5,817","4,234","4,961","5,001","5,424","6,310","6,947","7,866","5,852","9,845","4,707","15,964","2,898","12,044","2,127","7,469","1,804","6,742","1,498","6,544",452,"3,486",37,844,0,0,0,0,0,0,2025-10-03 10:13:02
2025-09,경원선,1022,창동,0,0,0,0,0,0,2,0,4,0,6,0,7,0,13,0,7,0,11,0,11,0,4,0,4,0,7,0,10,0,3,0,2,0,2,0,1,0,0,0,0,0,0,0,0,0,0,0,2025-10-03 10:13:02
2025-09,경원선,1901,방학,687,11,"12,408","1,775","16,636","5,853","36,303","10,522","32,732","22,697","22,186","12,879","17,771","12,672","17,695","11,537","19,130","13,256","16,254","14,167","14,748","15,966","15,562","18,747","16,027","22,268","17,199","25,364","19,082","32,289","10,675","26,465","7,527","16,773","6,467","13,459","4,174","11,808","2,183","7,110",346,"2,225",0,0,0,0,0,0,2025-10-03 10:13:02
2025-09,경원선,1902,도봉,444,7,"7,156","1,124","10,697","3,500","21,124","4,897","19,624","11,797","14,305","9,126","12,398","7,661","11,259","7,146","10,413","9,090","10,282","8,972","9,727","9,268","9,873","10,914","9,655","13,286","9,752","15,124","11,022","17,199","4,541","14,378","3,189","9,167","2,294","7,532","1,767","7,019",828,"4,232",181,"1,407",0,0,0,0,0,0,2025-10-03 10:13:02
2025-09,경원선,1903,도봉산,440,5,"7,103","1,119","10,341","3,038","23,255","5,251","23,098","8,084","15,815","11,961","13,150","12,264","12,885","12,557","14,364","12,980","16,616","10,973","17,255","9,449","18,518","10,060","18,297","10,509","16,738","10,367","13,703","10,531","8,349","9,144","4,957","5,504","3,304","4,960","2,157","4,405","1,115","2,781",195,"1,204",0,0,0,0,0,0,2025-10-03 10:13:02
2025-09,경원선,1904,망월사,649,14,"8,297","1,106","13,961","3,889","30,420","6,569","27,521","25,903","19,773","17,692","16,035","10,656","16,280","19,427","17,267","14,352","17,969","13,211","18,205","15,642","16,913","14,014","18,387","17,734","22,421","21,817","12,914","26,994","7,882","23,917","6,139","14,490","5,060","12,696","3,921","11,159","1,893","6,865",340,"3,748",0,0,0,0,0,0,2025-10-03 10:13:02
2025-09,경원선,1905,회룡,"1,950",32,"15,917","2,663","31,754","6,881","62,320","10,021","53,286","14,996","34,333","12,739","28,202","11,708","24,785","15,332","24,370","16,966","20,869","18,372","17,834","20,158","16,998","24,107","17,487","30,468","16,152","38,598","13,318","47,179","8,618","45,423","6,230","26,725","5,653","20,596","3,350","17,458","1,480","10,577",260,"5,022",0,0,0,0,0,0,2025-10-03 10:13:02
2025-09,경원선,1906,의정부,"3,688",16,"11,398","2,577","31,851","8,493","53,536","13,481","52,389","38,485","31,678","38,434","26,612","28,584","29,284","31,067","31,198","33,374","32,083","37,433","33,588","32,787","37,427","33,378","39,308","38,335","43,735","47,594","43,339","58,474","26,679","51,918","25,908","32,123","17,127","25,661","13,506","23,750","7,231","16,370","1,129","8,925",0,0,0,0,0,0,2025-10-03 10:13:02
2025-09,경원선,1907,가능,584,6,"9,120","1,749","12,285","3,939","25,994","7,621","22,549","15,013","13,845","8,719","12,458","6,574","11,538","8,080","11,840","8,382","9,717","9,002","8,823","7,819","9,940","10,730","10,638","12,203","13,223","15,933","9,103","20,684","5,483","19,325","4,557","12,951","3,580","8,844","2,518","8,505",991,"5,068",206,"2,208",0,0,0,0,0,0,2025-10-03 10:13:02
2025-09,경원선,1908,녹양,599,0,"5,680","1,062","8,507","2,473","17,403","5,870","15,494","9,160","9,865","4,760","8,514","4,114","7,721","4,926","7,772","5,233","6,774","5,701","5,888","5,049","6,913","6,901","7,462","8,177","8,185","10,817","7,680","13,988","3,486","13,222","2,849","8,865","2,302","6,571","1,271","6,353",568,"3,949",75,"1,432",0,0,0,0,0,0,2025-10-03 10:13:02
2025-09,경원선,1909,양주,"2,185",8,"6,539","1,679","12,123","6,435","32,805","12,782","24,981","11,422","19,366","9,556","15,847","7,925","14,669","8,738","13,921","10,492","13,037","10,472","11,733","10,614","11,819","13,064","12,892","13,499","13,688","20,235","13,295","22,442","6,618","22,410","3,786","14,761","2,774","10,466","1,861","10,197",764,"5,872",121,"2,528",0,0,0,0,0,0,2025-10-03 10:13:02
2025-09,경원선,1910,덕계,50,0,"7,122",603,"18,084","3,504","32,269","4,711","31,081","7,690","14,138","5,206","10,965","3,446","8,755","4,123","8,232","5,278","7,984","5,955","6,436","6,165","6,711","9,557","8,066","12,583","8,084","17,652","7,561","25,136","4,470","20,853","3,295","13,703","2,673","11,589","2,139","8,438","1,194","6,500",218,"2,464",0,0,0,0,0,0,2025-10-03 10:13:02
2025-09,경원선,1911,덕정,23,0,"5,808","1,141","11,871","5,501","23,104","10,109","22,698","24,352","12,933","14,220","11,114","8,053","10,596","6,664","10,698","7,994","12,741","7,981","10,562","8,611","14,127","9,476","15,699","10,287","15,828","14,776","14,792","18,479","5,308","15,581","3,687","9,800","2,714","9,524","2,054","7,039","1,183","4,896",246,"2,389",1,0,0,0,0,0,2025-10-03 10:13:02
2025-09,경원선,1912,지행,103,1,"5,513",952,"11,791","2,976","22,006","6,253","24,215","13,871","15,302","6,832","13,354","7,252","11,276","6,946","10,916","7,848","10,451","8,397","9,691","11,546","10,188","12,992","10,726","15,244","11,837","20,595","10,897","21,563","7,480","17,484","5,788","14,492","5,105","10,383","3,249","8,805","1,976","6,082",256,"3,886",0,0,0,0,0,0,2025-10-03 10:13:02
2025-09,경원선,1913,동두천중앙,46,1,"2,907",641,"5,062","1,725","8,955","4,611","8,742","11,286","6,018","4,194","6,257","4,786","5,339","4,913","6,651","4,672","5,629","4,675","5,190","5,613","5,840","5,071","6,635","5,587","6,688","6,568","6,493","7,290","3,007","5,282","2,332","4,572","1,789","3,069",929,"2,967",466,"2,217",26,"1,335",0,0,0,0,0,0,2025-10-03 10:13:02
2025-09,경원선,1914,보산,59,0,"1,680",475,"2,063","1,507","3,980","2,482","3,864","3,651","3,362","1,518","3,187","1,652","2,929","1,793","2,758","1,579","2,334","1,951","2,590","2,406","2,932","2,601","4,782","2,991","4,863","3,559","2,754","4,306","1,697","4,225","1,485","3,497",865,"2,124",486,"1,378",214,"1,473",10,685,0,0,0,0,0,0,2025-10-03 10:13:02
2025-09,경원선,1915,동두천,31,1,"1,146",617,"2,668","2,175","4,502","5,103","5,221","7,001","4,279","7,412","3,572","3,192","3,860","2,720","4,231","4,103","4,414","4,179","4,059","3,056","6,608","2,686","7,187","2,811","5,158","3,813","4,309","3,954","1,832","2,840","1,164","2,691",649,"2,330",528,"1,768",335,"1,773",32,713,2,0,0,0,0,0,2025-10-03 10:13:02
2025-09,경원선,1916,소요산,186,1,544,604,647,"1,119","1,835","1,369","2,602","2,683","2,303","3,808","2,786","6,812","3,631","8,652","4,642","8,242","7,128","7,196","8,267","6,106","9,499","4,417","7,890","3,083","5,234","2,346","3,240","2,001",860,"1,387",689,"1,047",252,736,131,652,157,461,3,372,0,0,0,0,0,0,2025-10-03 10:13:02
2025-09,경원선,1917,청산,0,0,145,3,243,244,658,207,607,307,275,247,284,212,276,278,302,250,325,247,306,222,278,233,367,274,363,289,375,319,136,397,91,152,37,111,12,76,14,111,2,60,0,0,0,0,0,0,2025-10-03 10:13:02
2025-09,경원선,1918,전곡,9,0,612,14,"1,700",814,"3,243",868,"4,751","2,394","3,186","1,430","2,642","1,624","2,379","1,917","2,499","2,183","2,449","1,984","2,142","2,097","2,170","1,903","2,637","2,529","2,472","2,993","1,975","3,445","1,252","3,184","1,069","1,720",663,"1,351",393,"1,172",271,955,17,698,0,0,0,0,0,0,2025-10-03 10:13:02
2025-09,경원선,1919,연천,5,0,322,9,874,768,"1,449","1,069","3,669","3,262","2,883","2,349","1,691","3,635","1,888","4,071","2,890","3,695","3,718","3,296","4,079","2,872","4,432","2,135","3,937","1,848","2,843","1,955","2,021","2,062",893,"1,728",512,821,215,635,119,451,74,425,0,267,0,0,0,0,0,0,2025-10-03 10:13:02
2025-09,안산선,1751,산본,885,2,"11,148","1,877","26,495","7,379","60,884","16,103","54,504","31,460","29,087","24,786","25,107","21,457","23,536","21,385","25,174","24,111","23,809","25,372","23,591","24,868","26,455","28,733","28,584","34,224","28,324","43,164","31,385","68,557","20,106","54,741","17,567","30,838","15,721","24,394","11,833","20,858","4,707","12,315",515,"4,141",0,0,0,0,0,0,2025-10-03 10:13:02
2025-09,안산선,1752,대야미,91,7,"3,293","1,233","8,831","3,433","20,456","5,447","22,577","7,980","11,814","4,248","9,111","4,240","7,645","4,606","7,705","5,170","7,493","5,411","6,721","5,920","7,239","8,193","7,717","10,685","9,024","11,874","9,926","16,851","5,072","12,250","3,894","8,680","2,226","7,168","1,505","7,624","1,005","4,071",136,986,0,0,0,0,0,0,2025-10-03 10:13:02
2025-09,안산선,1753,반월,77,1,"4,369",968,"9,497","2,865","20,433","4,822","17,945","7,940","10,497","4,443","7,796","3,764","7,549","4,486","7,464","5,477","6,224","5,311","5,495","5,269","6,554","6,943","7,256","9,549","7,083","11,311","6,483","16,393","3,647","12,966","3,079","9,312","1,768","7,587","1,222","7,218",639,"3,963",109,949,0,2,0,0,0,0,2025-10-03 10:13:02
2025-09,안산선,1754,상록수,634,29,"14,591","2,595","32,759","8,244","67,829","13,411","62,238","24,422","34,672","20,274","25,676","15,962","21,921","13,718","23,190","14,914","21,896","17,338","18,908","18,276","20,293","21,774","25,357","27,997","26,526","43,416","24,966","61,270","15,165","49,239","10,775","36,341","8,273","30,446","5,663","25,548","2,453","17,074",407,"4,971",0,24,0,0,0,0,2025-10-03 10:13:02
2025-09,안산선,1755,한대앞,264,5,"9,468","1,311","18,455","4,730","33,414","9,884","27,970","29,632","19,991","17,906","15,624","17,610","15,397","10,461","16,474","13,634","15,845","12,728","16,626","13,068","16,782","13,849","21,575","19,268","22,758","25,431","19,319","34,353","11,082","26,455","9,343","18,336","8,967","16,775","6,411","14,146","2,837","9,510",254,"2,900",0,40,0,0,0,0,2025-10-03 10:13:02
2025-09,안산선,1756,중앙,389,40,"11,491","1,392","33,667","11,637","61,066","19,417","49,358","42,170","29,883","36,069","24,812","22,443","27,319","20,035","31,063","24,205","26,717","29,391","25,977","27,421","28,234","29,202","35,637","38,829","38,774","50,631","39,356","70,800","25,160","54,813","23,841","35,460","24,343","28,706","20,201","24,328","7,986","18,486",792,"5,871",1,114,0,0,0,0,2025-10-03 10:13:02
2025-09,안산선,1757,고잔,372,2,"5,853",849,"17,784","5,700","31,095","15,284","23,231","29,847","16,892","16,910","14,047","11,948","14,148","10,198","13,667","11,009","12,630","12,247","13,258","11,992","15,741","12,274","16,891","14,105","23,280","19,360","22,418","25,863","9,283","19,998","7,331","12,912","7,639","11,036","5,009","9,452","1,966","7,913",155,"2,934",0,55,0,0,0,0,2025-10-03 10:13:02
2025-09,안산선,1758,초지,344,1,"4,494",458,"12,540","4,726","23,752","10,043","18,067","13,633","10,468","8,237","7,835","4,900","6,936","5,046","7,711","5,092","6,649","5,562","5,979","5,718","7,004","6,808","9,215","8,380","10,758","13,080","11,261","17,606","5,152","15,534","3,486","10,396","3,090","8,790","1,611","7,600",638,"5,551",62,"2,181",2,26,0,0,0,0,2025-10-03 10:13:02
2025-09,안산선,1759,안산,"2,409",15,"10,576","1,747","14,435","16,720","25,326","38,997","26,198","30,938","20,335","14,960","15,909","12,513","15,478","13,954","15,898","15,026","17,124","14,754","16,881","16,255","18,625","17,374","24,278","19,164","42,159","24,881","41,813","26,662","20,802","20,492","16,396","16,991","9,474","14,316","4,298","11,233","1,339","6,811",146,"2,738",1,44,0,0,0,0,2025-10-03 10:13:02
2025-09,안산선,1760,신길온천,83,0,"3,391",160,"5,736","2,015","9,425","3,573","7,434","2,841","4,864","1,700","3,420","1,514","2,986","1,730","2,900","1,990","2,753","1,952","2,611","2,444","2,989","3,162","3,512","3,466","4,510","5,500","4,182","7,421","1,938","5,556","1,237","4,010",733,"3,448",532,"2,664",149,"2,114",19,617,0,2,0,0,0,0,2025-10-03 10:13:02
2025-09,안산선,1761,정왕,560,18,"9,793","1,123","13,763","13,500","23,393","24,392","22,200","34,595","16,137","27,268","12,894","16,248","13,125","13,896","14,453","14,487","16,086","14,275","14,677","13,088","20,313","13,787","24,797","14,896","32,914","20,043","33,578","24,858","17,029","18,271","12,953","15,009","9,162","13,781","5,451","11,295","1,828","8,434",93,"2,496",0,5,0,0,0,0,2025-10-03 10:13:02
2025-09,안산선,1762,오이도,320,4,"6,357",636,"15,670","6,967","34,185","11,959","28,480","13,136","16,350","7,312","12,304","8,081","11,058","9,723","11,038","10,796","10,065","10,254","10,211","12,072","11,768","13,650","14,555","18,108","17,136","20,774","16,944","27,578","9,103","22,024","7,280","14,460","5,679","12,402","3,794","11,347","1,202","7,632",17,"3,561",0,3,0,0,0,0,2025-10-03 10:13:02
2025-09,안산선,1763,수리산,7,1,"4,007",651,"10,203","1,627","19,886","5,206","18,102","8,525","11,130","3,909","7,696","3,741","7,407","2,945","5,794","3,325","5,747","3,704","4,616","4,548","5,941","5,340","5,700","7,378","5,292","8,308","4,813","13,473","2,686","10,428","2,032","7,284","1,243","5,170",896,"5,439",485,"2,901",63,861,0,0,0,0,0,0,2025-10-03 10:13:02
2025-09,과천선,1450,선바위,3,0,859,"1,487","6,334","9,852","16,814","23,576","19,470","29,439","15,094","16,101","10,875","7,867","10,258","7,902","10,874","7,458","11,046","7,720","10,697","6,912","12,617","8,170","17,040","10,135","27,804","12,375","32,252","15,193","14,272","12,143","9,190","9,210","6,956","8,254","4,007","7,449","1,279","3,817",127,787,0,0,0,0,0,0,2025-10-03 10:13:02
2025-09,과천선,1451,경마공원,6,0,728,458,"1,212","2,341","2,019","3,465","2,540","9,418","2,486","18,721","2,757","19,705","3,277","26,550","3,486","25,377","4,533","22,912","5,766","13,300","8,507","9,105","14,979","6,282","24,778","4,828","40,476","3,688","13,918","2,410","25,218","1,375","13,110","1,044","1,417",843,242,565,27,97,0,0,0,0,0,0,2025-10-03 10:13:02
2025-09,과천선,1452,대공원,1,0,141,473,446,"4,081",994,"5,266","1,406","15,341","1,685","19,514","2,160","16,672","3,919","9,501","7,229","7,900","7,346","7,988","9,492","6,954","15,313","4,995","13,569","3,362","14,196","2,299","12,576","1,676","5,203","1,166","3,242",709,"3,923",617,"2,408",454,209,203,13,37,0,0,0,0,0,0,2025-10-03 10:13:02
2025-09,과천선,1453,과천,9,0,"2,425",251,"9,355","2,321","23,832","5,947","21,899","10,461","14,370","5,740","10,463","4,795","9,500","4,729","9,652","5,466","8,800","6,228","7,995","7,159","8,831","8,616","9,879","10,059","8,773","13,040","8,356","19,040","4,491","15,565","2,984","9,817","2,029","9,823","1,802","8,606",514,"4,853",72,"1,126",1,1,0,0,0,0,2025-10-03 10:13:02
2025-09,과천선,1454,정부과천청사,10,1,"2,271","2,198","10,339","16,712","26,408","48,161","22,760","109,297","16,117","29,647","13,060","13,622","13,931","11,628","15,284","12,778","16,355","14,289","16,017","13,976","19,712","13,901","30,320","16,098","51,829","20,964","73,589","27,930","22,124","22,496","16,322","12,381","14,621","10,817","8,083","9,261","2,262","4,942",180,"1,296",0,2,0,0,0,0,2025-10-03 10:13:02
2025-09,과천선,1455,인덕원,91,7,"10,550","3,376","35,206","16,558","88,805","50,043","77,813","116,984","49,054","42,537","36,887","22,641","33,742","22,304","34,415","23,743","33,810","26,042","30,911","28,098","34,153","31,680","41,438","41,018","68,444","57,889","90,018","87,975","34,045","73,893","25,645","42,834","24,556","38,998","15,000","36,056","5,739","20,267",623,"6,546",1,13,0,0,0,0,2025-10-03 10:13:02
2025-09,과천선,1456,평촌,54,14,"5,644","2,718","27,401","10,330","69,805","38,253","56,992","88,094","30,406","30,795","22,844","16,442","20,850","14,522","21,304","15,442","19,918","19,032","19,469","17,490","23,836","19,161","28,056","24,532","49,718","36,684","61,182","52,588","23,614","47,581","18,331","25,582","16,943","21,050","11,522","17,973","4,315","9,917",614,"3,600",2,4,0,0,0,0,2025-10-03 10:13:02
2025-09,과천선,1457,범계,103,7,"10,940","3,361","46,510","12,504","115,084","29,060","93,695","66,860","51,579","46,679","39,401","33,286","37,337","32,036","41,547","32,627","39,145","38,721","38,256","38,649","42,030","45,389","48,713","54,227","54,875","78,394","61,900","111,095","38,304","91,218","37,946","47,829","28,849","40,757","23,964","34,378","9,521","19,585","1,014","6,026",0,9,0,0,0,0,2025-10-03 10:13:02
2025-09,분당선,1023,선릉,71,3,"1,184","1,606","2,752","13,563","5,988","53,753","8,737","137,186","7,479","90,245","8,134","40,225","10,351","26,642","12,616","24,565","13,831","26,134","15,607","20,526","20,659","17,596","30,334","20,175","56,213","23,732","82,109","26,229","35,275","15,297","22,851","7,898","19,808","7,031","16,206","6,019","4,525","3,338",247,659,2,3,0,0,0,0,2025-10-03 10:13:02
2025-09,분당선,1024,한티,6,0,"2,552","1,846","9,808","12,027","26,318","34,493","30,566","51,823","20,447","43,067","16,502","27,052","17,237","21,959","21,663","27,199","23,201","32,739","22,432","24,348","26,342","28,495","34,235","35,498","50,057","47,600","48,890","41,661","30,758","27,949","32,329","16,636","27,176","14,742","36,448","11,902","4,629","6,015",184,367,0,1,0,0,0,0,2025-10-03 10:13:02
2025-09,분당선,1025,도곡,74,0,"1,712","1,336","5,335","7,257","13,314","18,875","18,589","26,622","14,307","20,523","11,514","9,645","11,158","9,610","11,665","9,965","12,169","10,774","12,412","11,375","15,908","12,305","17,252","13,686","23,138","16,060","23,999","18,457","12,020","14,919","8,725","9,860","6,806","8,794","5,483","7,262","1,153","3,917",63,332,0,0,0,0,0,0,2025-10-03 10:13:02
2025-09,분당선,1026,구룡,3,0,990,475,"3,523","4,811","9,947","11,369","13,660","8,500","9,990","4,271","6,846","3,211","5,852","3,019","5,730","4,302","5,689","4,916","5,198","4,693","8,389","5,390","9,932","6,552","6,820","8,750","7,239","10,734","3,788","8,616","2,512","5,262","2,493","4,958","1,441","4,350",405,"2,547",25,96,0,0,0,0,0,0,2025-10-03 10:13:02
2025-09,분당선,1027,개포동,7,0,"1,309",632,"4,687","3,787","13,794","7,492","14,980","10,240","10,318","7,181","7,981","6,091","6,605","4,565","8,695","5,392","7,131","6,247","6,943","6,640","7,824","7,456","9,758","9,052","8,726","12,178","9,088","14,581","5,258","12,051","3,941","7,259","3,626","6,662","2,972","6,092","1,035","3,423",26,101,0,0,0,0,0,0,2025-10-03 10:13:02
2025-09,분당선,1028,대모산입구,7,2,"2,816",705,"7,913","3,727","25,995","7,148","26,269","12,350","15,896","6,228","10,408","5,058","8,957","5,227","9,209","6,500","8,576","7,382","7,401","7,436","7,642","9,927","9,927","11,468","11,297","15,406","11,096","19,502","5,864","16,502","3,909","10,161","3,109","9,533","2,024","9,207",568,"4,878",22,266,0,0,0,0,0,0,2025-10-03 10:13:02
2025-09,분당선,1030,수서,68,7,"4,436","5,050","12,097","15,699","45,169","32,598","65,313","47,845","40,951","28,251","34,073","21,312","24,067","19,510","30,866","23,138","27,754","22,179","20,325","23,221","29,541","27,827","31,541","35,549","42,895","50,608","43,062","67,093","20,850","41,790","17,549","30,160","15,454","26,347","12,823","23,354","7,811","9,593",303,"1,858",0,0,0,0,0,0,2025-10-03 10:13:02
2025-09,분당선,1031,복정,0,0,0,0,2,0,1,0,4,0,7,0,7,0,2,0,3,0,6,0,5,0,3,0,6,0,2,0,7,0,6,0,3,0,0,0,1,0,3,0,1,0,0,0,0,0,0,0,2025-10-03 10:13:02
2025-09,분당선,1846,수원,789,11,"5,629",671,"9,886","4,951","24,128","10,784","24,217","15,386","12,793","13,215","8,872","9,480","8,945","11,509","9,777","12,055","10,047","12,796","10,155","12,535","12,204","12,008","14,608","15,465","16,972","23,025","19,106","27,767","14,196","19,806","14,091","11,022","12,031","8,199","10,580","6,103","4,322","3,897",133,695,0,0,0,0,0,0,2025-10-03 10:13:02
2025-09,분당선,1847,서울숲,133,0,"2,739",644,"6,035","6,980","14,477","24,670","23,689","51,253","15,296","39,012","9,710","26,399","10,828","20,652","13,251","21,586","15,102","22,779","17,223","22,334","21,916","22,055","28,832","22,816","48,083","25,449","55,462","31,718","35,114","19,841","23,725","10,821","18,642","8,602","12,116","7,434","3,383","3,696",124,829,0,0,0,0,0,0,2025-10-03 10:13:02
2025-09,분당선,1848,압구정로데오,161,4,"2,147","1,181","3,562","14,359","6,369","27,983","9,570","74,555","8,803","107,691","10,579","59,815","15,762","41,187","21,069","34,717","24,574","34,665","30,810","31,824","40,135","31,915","49,859","34,646","67,525","40,313","91,182","45,293","69,887","24,768","55,897","11,580","36,113","7,740","25,239","6,448","8,800","3,587",421,769,0,0,0,0,0,0,2025-10-03 10:13:02
2025-09,분당선,1849,강남구청,25,0,"1,526",878,"3,011","6,331","7,948","20,079","11,971","58,488","10,012","45,372","8,951","22,245","10,253","15,292","11,510","15,049","12,767","17,300","14,424","15,156","16,694","15,251","21,009","15,774","35,163","18,652","50,974","23,589","26,249","13,694","15,481","7,996","12,972","6,288","8,611","5,923","2,766","3,290",107,604,0,0,0,0,0,0,2025-10-03 10:13:02
2025-09,분당선,1850,선정릉,7,1,893,"1,003","2,213","4,726","5,308","13,749","7,984","47,946","7,957","42,581","5,925","15,388","7,654","10,445","10,224","9,745","10,644","9,774","11,560","8,782","12,922","7,928","15,031","8,183","28,478","9,643","41,381","10,851","20,816","7,089","11,340","4,329","8,669","3,843","5,553","3,621","1,799","2,048",83,397,0,0,0,0,0,0,2025-10-03 10:13:02
2025-09,분당선,1851,가천대,51,3,"4,964",810,"8,124","4,005","21,536","7,681","26,936","53,443","18,038","36,374","14,161","30,525","17,996","19,891","21,276","27,699","21,328","22,167","26,126","19,822","31,450","14,890","44,324","15,727","43,825","20,477","28,394","26,338","13,849","21,145","11,011","15,867","10,964","16,599","11,323","17,698","7,079","12,587",198,"1,275",0,0,0,0,0,0,2025-10-03 10:13:02
2025-09,분당선,1852,태평,424,10,"16,525","1,576","21,378","5,114","45,316","8,667","61,403","17,947","40,166","12,204","23,494","12,020","20,016","13,585","20,242","15,105","19,843","16,413","17,906","18,429","18,023","25,698","19,561","30,191","20,519","35,651","19,185","45,672","10,706","32,816","8,378","25,227","5,716","27,677","3,990","21,929","1,737","12,086",78,"1,095",0,0,0,0,0,0,2025-10-03 10:13:02
2025-09,분당선,1853,모란,479,19,"16,518","2,623","24,231","11,548","56,569","24,872","70,257","40,475","49,466","32,113","34,669","31,138","33,873","33,556","37,199","33,578","36,659","34,789","33,821","34,899","35,511","42,457","39,707","46,092","41,120","50,964","41,489","65,020","23,338","47,742","17,019","34,785","14,009","30,491","10,723","26,005","5,640","16,079",306,"1,376",0,0,0,0,0,0,2025-10-03 10:13:02
2025-09,분당선,1854,야탑,186,8,"7,733","3,532","21,164","17,192","58,196","45,586","62,655","104,585","43,938","58,204","36,479","39,356","36,227","34,328","38,503","37,652","38,034","40,567","40,180","37,718","45,051","41,036","54,884","47,538","69,364","58,444","82,352","74,908","38,465","54,691","29,849","35,558","27,747","27,566","17,510","26,409","6,829","14,402",317,"1,904",0,0,0,0,0,0,2025-10-03 10:13:02
2025-09,분당선,1855,서현,307,13,"4,429","3,136","13,191","13,781","37,380","37,114","41,885","89,242","31,411","69,095","28,425","38,330","29,825","34,974","32,460","36,603","34,812","37,145","38,260","37,994","44,673","37,332","48,041","44,567","65,134","51,985","80,935","61,928","47,725","43,705","45,074","26,417","37,180","20,897","27,189","17,690","9,064","9,742",398,"1,257",0,0,0,0,0,0,2025-10-03 10:13:02
2025-09,분당선,1856,수내,176,5,"3,240","2,216","8,161","8,756","21,027","24,998","24,358","55,330","17,325","44,046","14,573","22,263","15,526","17,727","17,278","17,816","18,311","18,944","21,351","18,780","23,187","18,987","25,957","22,222","40,068","25,533","51,586","29,803","28,373","21,958","24,414","13,220","17,746","11,276","14,001","10,706","3,646","5,412",137,970,0,0,0,0,0,0,2025-10-03 10:13:02
2025-09,분당선,1857,정자,299,12,"3,582","1,410","11,405","17,278","29,832","47,342","33,584","93,495","24,394","57,574","18,281","26,812","19,574","19,249","20,892","18,829","21,104","20,913","20,888","19,014","28,080","21,540","34,918","27,264","61,608","39,148","73,998","48,901","38,559","36,228","30,904","21,979","30,046","20,069","26,479","16,919","9,751","9,697",984,"2,733",0,0,0,0,0,0,2025-10-03 10:13:02
2025-09,분당선,1858,미금,595,8,"3,872",981,"13,328","12,342","28,452","24,845","32,437","50,473","24,396","37,112","24,051","23,426","26,120","23,079","26,036","24,057","26,399","25,657","27,404","25,009","32,811","25,319","32,402","28,701","38,492","34,327","40,480","39,999","21,972","29,440","18,021","20,614","17,410","17,306","12,807","14,946","4,069","8,295",157,"1,844",0,0,0,0,0,0,2025-10-03 10:13:02
2025-09,분당선,1859,오리,627,8,"3,606",570,"16,341","9,052","31,965","16,504","32,248","37,094","21,780","17,712","17,461","11,484","16,311","12,881","16,799","14,299","16,806","12,715","16,199","12,968","18,708","14,477","20,653","16,224","28,381","19,906","34,932","25,742","13,395","21,157","10,920","14,789","9,172","12,191","5,907","10,490","2,122","6,286",93,"1,529",0,0,0,0,0,0,2025-10-03 10:13:02
2025-09,분당선,1860,이매,99,4,"2,779",889,"6,813","3,193","14,863","11,159","15,888","15,766","11,969","6,912","10,086","6,327","8,697","6,298","9,766","6,831","7,969","7,944","7,635","7,332","9,978","8,644","15,215","10,017","13,205","12,697","13,069","15,521","5,711","12,186","4,841","8,150","6,231","6,970","3,645","6,989","1,221","4,102",46,776,0,0,0,0,0,0,2025-10-03 10:13:02
2025-09,분당선,1861,보정,38,0,"1,232",117,"3,802","1,186","9,715","2,824","11,342","5,991","6,879","2,510","5,149","1,691","4,730","1,899","3,893","2,118","3,597","2,379","2,918","3,016","4,004","4,145","4,632","4,953","4,522","5,938","3,493","7,324","1,564","6,272","1,171","4,151","1,099","3,607",996,"4,123",305,"2,289",11,138,0,0,0,0,0,0,2025-10-03 10:13:02
2025-09,분당선,1862,죽전,"1,503",8,"5,726","1,066","18,968","7,209","45,199","17,945","38,974","30,312","24,391","30,364","18,462","23,224","17,702","21,759","19,385","21,720","19,189","20,473","20,145","22,049","23,683","24,377","26,170","29,050","31,905","36,081","31,774","51,776","21,825","40,135","24,788","24,909","12,459","21,429","10,324","20,659","3,584","13,008",3,"6,122",0,0,0,0,0,0,2025-10-03 10:13:02
2025-09,분당선,1863,구성,190,2,"3,021",810,"11,181","4,613","29,194","10,327","32,069","13,984","18,565","7,999","13,349","6,227","10,907","6,367","10,728","7,742","9,250","8,213","8,708","8,801","9,161","12,106","10,431","13,426","15,182","23,259","13,775","29,113","7,568","21,181","6,693","14,876","5,115","11,331","3,962","13,074","1,845","6,603",93,616,0,0,0,0,0,0,2025-10-03 10:13:02
2025-09,분당선,1864,신갈,105,0,"3,010",272,"10,053","1,353","21,236","2,607","20,930","7,378","12,260","5,154","8,855","3,921","8,248","4,681","7,589","5,494","6,829","5,911","6,118","6,415","7,381","7,808","7,874","8,374","6,394","12,842","5,476","18,698","2,426","14,481","1,732","10,011","1,629","7,637","1,108","8,821",331,"4,540",17,299,0,0,0,0,0,0,2025-10-03 10:13:02
2025-09,분당선,1865,기흥,306,14,"6,173",753,"17,220","4,960","41,776","17,694","40,399","32,192","22,271","14,435","15,358","12,701","15,042","12,368","15,160","10,208","14,960","13,548","15,618","12,458","15,273","13,836","19,428","16,060","25,792","24,855","25,519","37,362","13,749","30,584","9,750","18,861","8,214","14,375","6,172","15,214","2,139","8,275",41,957,0,0,0,0,0,0,2025-10-03 10:13:02
2025-09,분당선,1866,상갈,52,2,"3,599",754,"9,037","2,630","21,085","6,762","21,644","8,923","13,444","5,355","9,317","3,862","7,878","4,321","7,643","4,747","6,798","6,921","6,048","6,140","6,721","7,442","7,813","10,775","9,971","13,772","10,000","16,727","5,529","14,094","3,734","10,503","2,984","9,346","1,792","8,509",616,"4,922",2,692,0,0,0,0,0,0,2025-10-03 10:13:02
2025-09,분당선,1867,청명,48,0,"3,208",887,"9,209","2,481","22,783","6,661","20,742","10,944","10,817","4,266","6,740","4,163","5,569","3,940","5,871","4,915","6,109","5,266","5,298","5,525","6,583","6,859","7,271","8,805","8,268","12,538","10,263","18,383","4,718","13,300","3,046","8,829","2,264","7,996","2,188","6,901",789,"4,086",17,298,0,0,0,0,0,0,2025-10-03 10:13:02
2025-09,분당선,1868,영통,100,19,"3,157","1,998","9,096","5,256","20,384","11,749","21,163","30,012","12,371","20,104","10,416","14,040","10,880","12,221","12,143","14,351","13,846","14,063","13,184","13,479","15,952","14,379","20,244","16,469","26,766","23,750","27,057","28,935","14,918","19,758","14,213","12,961","13,588","11,706","14,525","11,308","5,124","6,452",228,521,0,0,0,0,0,0,2025-10-03 10:13:02
2025-09,분당선,1869,망포,89,3,"7,266","2,774","24,737","9,272","63,396","29,624","55,532","46,587","27,505","17,845","18,417","10,319","16,002","11,165","17,113","12,515","16,917","13,854","14,296","13,614","16,355","19,818","21,289","24,522","37,277","34,214","44,846","53,955","22,032","46,691","16,743","29,109","13,469","22,181","10,679","19,694","3,809","11,879",107,987,0,0,0,0,0,0,2025-10-03 10:13:02
2025-09,분당선,1870,매탄권선,65,1,"4,358",790,"12,178","3,430","25,267","6,649","23,252","15,945","12,132","6,473","8,618","3,893","7,956","3,888","8,251","5,008","7,072","5,508","5,896","5,152","6,941","7,771","10,316","10,238","10,995","14,870","9,232","23,050","4,968","16,188","3,927","10,774","3,214","9,025","2,572","8,769",795,"5,227",24,544,0,0,0,0,0,0,2025-10-03 10:13:02
2025-09,분당선,1871,수원시청,271,5,"6,760","2,170","13,776","8,184","36,905","20,891","34,346","59,826","17,036","39,004","14,572","19,303","16,700","17,097","19,968","20,811","18,347","21,162","18,607","16,956","23,594","19,110","31,929","22,525","35,043","38,055","46,324","50,486","23,655","35,929","20,355","22,889","20,847","15,574","17,099","14,490","5,996","9,340",203,"1,126",0,0,0,0,0,0,2025-10-03 10:13:02
2025-09,분당선,1872,매교,580,7,"5,211",962,"12,029","4,844","24,065","7,777","23,552","14,414","11,050","5,933","7,125","4,450","6,622","5,294","7,420","5,998","6,165","5,925","5,566","6,551","8,856","6,789","11,525","10,197","9,653","16,338","8,474","21,141","4,996","15,823","4,249","9,995","3,609","8,240","2,618","7,190",665,"3,911",34,594,0,0,0,0,0,0,2025-10-03 10:13:02
2025-09,일산선,1948,원흥,355,24,"7,622",601,"18,849","4,001","51,527","7,967","53,398","15,571","29,345","10,881","20,481","8,914","17,892","9,737","18,236","11,723","16,165","13,295","14,049","13,855","14,646","17,745","15,143","21,110","16,962","31,023","18,437","41,093","8,878","39,169","6,767","23,484","5,621","22,381","4,332","19,414","2,060","11,697",308,"2,620",0,0,0,0,0,0,2025-10-03 10:13:02
2025-09,일산선,1949,지축,0,0,0,0,0,0,0,0,3,0,1,0,0,0,0,0,2,0,2,0,2,0,2,0,3,0,4,0,2,0,3,0,1,0,2,0,1,0,1,0,0,0,0,0,0,0,0,0,2025-10-03 10:13:02
2025-09,일산선,1950,삼송,811,11,"9,016","1,564","34,947","7,207","88,747","16,944","84,372","32,471","45,595","20,908","32,798","18,236","27,123","19,112","28,147","23,129","26,357","24,733","24,327","25,224","25,599","31,336","30,776","36,285","32,743","51,246","33,099","76,637","19,402","63,222","15,152","37,890","12,847","36,384","13,040","28,070","3,654","14,701",588,"3,171",0,0,0,0,0,0,2025-10-03 10:13:02
2025-09,일산선,1951,원당,289,1,"10,093",872,"23,450","5,970","51,737","8,610","51,140","14,683","29,940","10,602","22,591","9,964","19,460","12,250","19,629","12,979","18,023","13,726","15,634","15,347","15,697","18,873","17,182","24,194","17,469","31,262","16,647","43,520","8,620","37,369","6,262","25,094","4,665","21,870","3,007","18,971",976,"11,624",124,"2,132",3,3,0,0,0,0,2025-10-03 10:13:02
2025-09,일산선,1952,화정,106,1,"13,327","1,443","26,290","6,350","58,531","13,906","56,887","36,791","35,605","24,355","30,725","22,288","28,505","23,238","29,982","24,342","29,544","25,421","27,476","27,742","29,250","34,987","31,547","37,214","32,635","47,784","30,045","61,132","17,528","50,273","15,359","31,445","15,299","28,391","11,653","25,136","4,618","13,336",715,"3,358",1,0,0,0,0,0,2025-10-03 10:13:02
2025-09,일산선,1953,대곡,274,6,"3,019","2,622","10,158","11,429","28,735","29,443","30,062","35,739","16,483","21,786","11,065","13,270","9,858","11,825","11,341","12,129","12,276","11,272","11,912","10,743","14,449","12,186","18,912","14,208","28,461","19,127","38,798","26,189","26,497","18,709","15,681","10,836","14,563","10,478","12,395","9,297","6,805","6,601","1,294","2,311",0,0,0,0,0,0,2025-10-03 10:13:02
2025-09,일산선,1954,백석,110,3,"5,253","2,361","11,316","6,875","24,775","13,485","27,621","30,074","18,973","17,212","17,100","15,152","17,134","14,830","17,774","15,497","17,064","16,980","17,471","16,824","19,937","18,015","19,875","20,169","24,345","24,567","24,668","30,103","13,145","25,877","11,263","15,175","10,427","13,368","6,784","10,678","2,953","6,842",408,"1,706",0,1,0,0,0,0,2025-10-03 10:13:02
2025-09,일산선,1955,마두,42,2,"3,896","2,048","11,719","5,050","20,522","8,766","19,633","23,115","14,786","15,957","15,085","11,778","14,831","11,750","14,214","10,260","13,141","14,420","14,006","13,528","15,583","13,979","16,564","15,462","18,747","16,868","17,703","20,611","7,642","17,970","5,656","11,067","4,686","9,891","3,905","8,403","1,099","5,529",142,"1,204",0,0,0,0,0,0,2025-10-03 10:13:02
2025-09,일산선,1956,정발산,65,7,"2,497","1,263","5,696","3,514","10,061","6,427","11,377","22,700","9,169","21,492","9,472","16,770","11,637","16,024","12,548","15,668","14,629","17,696","15,914","15,784","18,133","15,218","18,856","15,364","22,595","16,791","25,248","20,122","13,454","15,045","14,390","8,023","13,513","6,217","7,312","4,924","2,394","3,369",240,932,0,0,0,0,0,0,2025-10-03 10:13:02
2025-09,일산선,1957,주엽,132,1,"6,610","1,381","18,147","3,600","28,840","8,005","28,399","14,989","20,470","11,991","18,631","12,118","18,177","12,321","17,312","12,971","15,733","15,607","14,739","14,441","15,971","18,635","16,051","19,582","14,486","22,467","13,220","26,660","7,046","24,939","5,996","14,903","5,614","12,904","4,570","10,733","1,126","7,079",165,"1,967",0,0,0,0,0,0,2025-10-03 10:13:02
2025-09,일산선,1958,대화,155,3,"8,005","1,637","24,643","4,740","52,744","13,035","38,577","18,041","26,113","13,456","20,905","13,713","18,844","12,961","17,708","13,912","17,161","16,472","16,315","15,280","17,585","16,996","24,447","17,251","22,488","23,666","17,924","27,034","10,155","25,232","7,055","17,281","5,786","15,623","4,462","12,615","1,409","8,114",149,"2,858",0,0,0,0,0,0,2025-10-03 10:13:02
2025-09,중앙선,1015,회기,"1,168",8,"12,946","3,953","23,819","13,326","66,372","33,322","84,420","70,083","54,164","51,738","40,322","42,595","41,425","37,784","45,947","36,620","46,878","41,623","47,321","36,755","56,726","38,114","66,356","45,997","74,718","60,099","63,155","85,969","35,145","64,145","31,271","43,518","33,895","43,479","30,140","48,432","14,248","29,999",733,"5,965",2,2,0,0,0,0,2025-10-03 10:13:02
2025-09,중앙선,1201,중랑,228,4,"6,362",687,"10,491","1,996","22,535","3,529","24,397","6,521","16,302","5,900","9,701","5,173","9,202","5,120","9,357","6,061","8,791","7,517","7,520","7,388","7,730","10,610","7,560","11,969","7,636","16,122","8,295","22,123","5,006","16,599","3,529","10,583","2,831","9,118","1,996","8,825",865,"5,134",18,285,0,0,0,0,0,0,2025-10-03 10:13:02
2025-09,중앙선,1202,상봉,944,9,"6,859",806,"9,575","2,945","23,554","4,647","24,468","8,278","13,651","5,772","8,618","6,191","8,212","6,431","9,789","7,525","8,185","7,323","7,938","8,029","8,960","9,665","8,654","11,042","9,165","15,815","9,270","24,430","6,555","19,736","5,117","11,229","4,377","9,395","2,916","9,663","1,442","5,736",103,989,0,0,0,0,0,0,2025-10-03 10:13:02
2025-09,중앙선,1203,망우,492,10,"9,138",800,"13,019","3,116","34,395","5,888","27,809","15,016","16,980","9,208","13,022","8,423","11,987","9,995","13,343","10,516","12,296","10,544","11,388","12,195","11,965","15,036","13,248","16,228","12,730","21,206","12,375","27,399","8,273","23,645","5,865","13,338","4,618","10,655","2,977","9,387","1,193","6,340",16,472,1,1,0,0,0,0,2025-10-03 10:13:02
2025-09,중앙선,1204,양원,195,1,"3,037",476,"5,488","1,932","13,854","10,689","12,266","7,516","6,932","3,010","5,251","3,099","4,278","3,320","5,247","3,258","4,532","3,655","4,047","3,625","7,004","4,479","8,505","5,644","5,553","7,749","4,304","10,456","2,859","10,363","1,968","5,536","1,337","4,324","1,110","3,999",271,"2,786",2,156,0,0,0,0,0,0,2025-10-03 10:13:02
2025-09,중앙선,1205,구리,869,5,"5,749","1,301","12,657","4,116","30,000","6,969","28,658","14,938","14,912","12,402","12,772","10,650","11,974","10,278","12,452","10,627","11,724","11,828","11,895","11,527","12,689","14,634","13,431","17,713","14,410","21,357","13,834","32,696","9,462","24,980","8,067","14,408","4,865","11,954","4,353","10,721","1,264","7,166",31,"1,335",0,0,0,0,0,0,2025-10-03 10:13:02
2025-09,중앙선,1206,도농,"1,167",2,"8,573","1,016","20,795","2,985","52,982","7,942","42,308","14,513","22,797","8,031","17,735","7,193","15,453","8,142","14,217","8,312","12,633","9,967","10,638","10,926","11,338","16,254","15,625","17,634","14,838","19,662","12,311","40,908","6,296","34,297","4,964","17,628","4,079","16,539","2,740","13,682",983,"10,706",24,"1,898",0,0,0,0,0,0,2025-10-03 10:13:02
2025-09,중앙선,1207,양정,135,3,246,217,597,"1,058","1,363","1,553","1,205","2,035",851,942,750,778,750,541,752,550,853,622,"1,138",515,"1,113",748,"1,580",645,"1,796",822,"2,105","1,025",585,756,321,315,330,427,130,300,34,263,2,55,0,1,0,0,0,0,2025-10-03 10:13:02
2025-09,중앙선,1208,덕소,"1,625",8,"3,803",930,"10,895","2,011","26,775","4,430","21,993","5,780","13,502","5,843","11,406","4,781","10,056","4,612","8,769","6,216","8,463","7,448","7,514","7,374","7,381","10,657","8,238","11,917","7,797","14,591","6,486","21,180","3,934","19,404","3,397","9,490","2,281","10,869","1,924","8,725",771,"6,511",10,"1,681",0,0,0,0,0,0,2025-10-03 10:13:02
2025-09,중앙선,1209,도심,6,0,"2,374",297,"7,482",844,"17,143","2,706","11,666","5,059","7,334","2,029","5,145","1,688","3,893","1,647","4,163","2,109","3,773","2,415","3,052","1,992","2,869","4,666","4,199","2,914","3,776","6,008","2,945","9,285","1,660","8,005","1,121","4,528","1,212","4,334",724,"4,692",305,"2,388",0,0,0,0,0,0,0,0,2025-10-03 10:13:02
2025-09,중앙선,1210,팔당,1,0,249,249,600,660,"1,269","1,741","1,318","3,444","1,176","3,031","1,170","2,493","1,111","2,152","1,196","1,957","1,436","1,568","1,768","1,266","2,348","1,686","2,514","1,348","2,353","1,335","2,307","1,468","1,866",999,"1,652",541,"1,019",370,671,397,163,171,0,0,0,0,0,0,0,0,2025-10-03 10:13:02
2025-09,중앙선,1211,운길산,1,0,276,114,587,516,"1,656",898,"1,529","1,144","1,086","1,985","1,061","2,373","1,091","2,226","1,321","1,614","1,580","1,353","2,063","1,214","2,568","1,341","2,169","1,139","1,931","1,209","1,360","1,012",835,"1,297",436,521,180,662,87,495,24,377,0,18,1,0,0,0,0,0,2025-10-03 10:13:02
2025-09,중앙선,1212,양수,3,1,"1,148",262,"2,201",983,"6,617","2,418","5,248","3,313","4,307","3,538","3,403","3,613","3,135","3,568","3,210","3,136","3,816","3,544","3,676","3,071","4,925","3,745","5,368","3,964","4,104","4,977","3,146","4,030","1,616","4,488","1,372","2,874",787,"2,856",344,"1,880",100,"1,641",1,338,0,0,0,0,0,0,2025-10-03 10:13:02
2025-09,중앙선,1213,신원,0,0,129,44,174,277,526,477,373,628,417,729,419,617,449,392,476,301,650,313,591,246,596,310,517,280,502,317,512,358,149,217,53,183,46,146,24,89,2,45,0,19,0,0,0,0,0,0,2025-10-03 10:13:02
2025-09,중앙선,1214,국수,17,1,914,99,"1,343",526,"2,362",729,"2,264","1,604","2,019","1,090","1,657",957,"1,369","1,235","1,138","1,106","1,402","1,172","1,182","1,022","2,227","1,483","1,963","1,681","1,179","2,031",919,"2,090",530,"1,460",357,"1,357",405,"1,411",324,"1,157",46,574,4,154,0,0,0,0,0,0,2025-10-03 10:13:02
2025-09,중앙선,1215,아신,8,0,555,30,858,250,"2,030",662,"1,504","1,406","1,465","1,033","1,463",997,"1,099","1,163","1,115",650,"1,148",935,"1,090",934,"1,457",841,"1,437","1,544","1,112","1,606",767,"1,644",429,927,257,958,222,"1,229",100,989,12,470,0,135,0,0,0,0,0,0,2025-10-03 10:13:02
2025-09,중앙선,1216,오빈,17,0,324,61,537,354,"1,084",384,906,559,878,338,777,364,601,528,587,426,571,426,431,539,456,469,510,573,540,"1,048",475,"1,099",222,490,110,501,94,524,52,365,5,229,2,62,0,0,0,0,0,0,2025-10-03 10:13:02
2025-09,중앙선,1217,양평,259,8,"2,410",122,"4,781","1,586","11,266","5,336","7,620","7,330","6,032","4,457","7,470","4,844","6,173","6,852","6,428","6,470","6,751","4,242","7,051","7,086","6,444","6,061","7,394","6,672","7,455","10,522","5,553","9,663","3,295","4,741","3,236","6,904","2,678","3,645","1,821","4,354",274,"4,143",64,"1,126",0,0,0,0,0,0,2025-10-03 10:13:02
2025-09,중앙선,1218,원덕,122,1,379,25,867,295,"1,124",564,"1,269",638,"1,120",501,"1,087",695,734,700,619,638,733,601,831,722,814,765,790,911,710,"1,202",449,"1,030",278,665,180,500,94,597,26,465,1,227,1,121,0,0,0,0,0,0,2025-10-03 10:13:02
2025-09,중앙선,1219,용문,507,4,"1,161",11,"2,854",647,"4,987","2,299","4,994","4,578","3,822","2,593","4,505","4,558","3,914","7,955","5,382","5,601","6,414","5,987","7,409","5,065","7,486","2,460","6,514","6,433","5,165","5,497","2,918","4,391","1,875","3,081",802,"3,637",646,"2,061",305,"2,067",1,"1,547",0,678,0,0,0,0,0,0,2025-10-03 10:13:02
2025-09,중앙선,1220,지평,0,0,0,0,0,0,370,358,26,85,66,20,402,409,0,0,1,1,74,1,419,390,3,0,0,0,168,223,38,134,208,291,1,4,29,147,0,3,0,0,0,0,0,0,0,0,0,0,2025-10-03 10:13:02
2025-09,장항선,1401,봉명,6,0,"1,123",404,"2,053",934,"2,706","4,750","3,594","4,858","2,603","3,823","2,872","2,436","3,082","1,409","2,374","1,940","2,255","2,568","2,276","1,963","2,935","1,804","3,320","1,773","3,623","3,205","2,302","2,995","1,195","1,953","1,064","1,429",839,"1,038",704,"1,250",790,804,25,260,0,0,0,0,0,0,2025-10-03 10:13:02
2025-09,장항선,1402,쌍용(나사렛대),154,1,"2,935",367,"5,013",707,"8,037","1,802","9,410","7,954","5,536","5,589","4,486","4,437","4,447","3,603","4,610","7,128","5,408","4,454","4,568","3,029","6,603","4,674","6,348","5,192","5,879","7,389","5,777","7,965","3,250","5,347","2,174","4,592","1,720","3,962","1,299","3,340",793,"2,946",49,727,0,0,0,0,0,0,2025-10-03 10:13:02
2025-09,장항선,1403,아산,87,3,"1,099","1,127","2,824","4,785","7,616","6,377","10,634","11,915","6,062","10,042","5,717","8,062","6,432","6,572","7,650","7,756","7,651","7,540","8,462","5,603","10,604","6,678","10,340","7,128","9,475","9,982","13,007","10,851","10,041","5,900","6,240","5,196","6,719","3,680","6,111","2,332","3,716","1,857",74,497,0,0,0,0,0,0,2025-10-03 10:13:02
2025-09,장항선,1404,탕정,65,1,"1,100",358,"2,487","1,318","4,723","2,460","5,158","5,217","3,280","3,055","2,924","2,319","2,624","2,454","3,188","2,731","3,882","3,015","3,862","2,324","4,403","2,717","4,177","4,366","4,740","5,306","5,435","6,146","3,872","3,827","2,699","3,143","2,565","2,444","2,646","2,304","1,360","1,832",62,267,0,0,0,0,0,0,2025-10-03 10:13:02
2025-09,장항선,1405,배방,159,1,"1,046",492,"1,977",729,"3,718","1,533","4,045","2,532","3,043","1,587","2,208","1,332","2,064","1,734","2,278","1,623","2,179","1,960","2,247","1,696","2,035","1,799","1,872","3,254","2,504","3,804","2,622","4,149","1,761","3,033","1,211","2,230","1,123","1,964",991,"1,785",654,"1,469",26,232,0,0,0,0,0,0,2025-10-03 10:13:02
2025-09,장항선,1407,온양온천,800,3,"1,913",595,"5,307","2,612","10,362","6,408","11,917","9,142","10,174","8,121","9,545","9,654","9,353","12,722","10,839","10,797","12,252","9,864","12,464","7,089","10,423","8,676","10,060","10,395","7,469","11,181","9,013","10,785","4,279","8,653","3,127","6,128","2,450","6,070","1,961","4,368","1,017","3,159",37,728,0,0,0,0,0,0,2025-10-03 10:13:02
2025-09,장항선,1408,신창(순천향대),338,1,778,118,"1,769",614,"2,799","3,846","2,291","12,608","2,455","7,521","3,336","8,340","4,130","5,320","4,154","4,785","6,070","4,717","7,624","2,981","6,053","2,208","11,376","3,301","8,336","2,239","9,929","4,260","3,253","2,785","2,447","3,584","2,538","3,516",930,"3,165","1,022","2,108",3,754,0,0,0,0,0,0,2025-10-03 10:13:02
2025-09,경의선,1252,신촌,0,0,284,2,289,"1,384",734,"5,765",570,"8,250",863,"5,681",723,"2,287",780,"1,159",996,"1,557","1,038","2,195","1,143","1,093","1,846",789,"2,652",979,"5,647","1,740","6,071","2,177","2,389",913,"1,265",732,"1,444",389,972,169,503,325,0,78,0,0,0,0,0,0,2025-10-03 10:13:02
2025-09,경의선,1261,효창공원앞,5,0,793,366,"2,331","3,055","6,299","6,472","9,467","19,923","6,148","10,600","4,153","5,229","3,857","4,229","4,392","4,311","4,642","4,628","4,634","4,356","5,371","4,615","7,454","5,286","10,161","7,016","15,260","9,941","6,035","7,023","4,079","4,960","3,548","4,627","2,678","4,112","1,120","2,737",38,304,0,0,0,0,0,0,2025-10-03 10:13:02
2025-09,경의선,1263,서강대,6,0,538,125,"1,722","1,821","3,028","3,024","4,341","10,835","3,466","6,385","3,107","5,351","2,797","3,565","3,503","3,561","4,047","4,140","3,730","3,507","4,230","3,953","5,870","4,089","7,738","4,880","7,324","5,614","4,374","3,621","3,960","2,815","4,247","2,467","3,638","2,436","1,483","1,289",15,166,0,0,0,0,0,0,2025-10-03 10:13:02
2025-09,경의선,1265,가좌,24,0,"3,382",403,"8,819","3,687","25,912","4,851","28,567","11,711","14,510","9,292","9,750","7,019","9,180","6,178","9,084","7,580","8,033","8,253","8,024","8,142","9,184","8,730","10,109","12,721","10,990","17,612","10,844","22,299","6,222","17,879","4,235","10,458","3,657","7,834","3,076","6,162","1,092","4,941",21,530,0,0,0,0,0,0,2025-10-03 10:13:02
2025-09,경의선,1267,수색,7,1,"1,783",358,"4,413","2,728","9,161","6,474","11,080","17,126","6,442","7,816","4,136","3,575","3,743","3,177","3,980","3,018","3,376","4,003","3,775","3,417","3,935","3,731","5,318","4,836","9,688","8,440","12,526","7,548","5,083","7,298","3,139","4,762","2,394","3,986","1,986","3,035",687,"2,355",21,411,1,0,0,0,0,0,2025-10-03 10:13:02
2025-09,경의선,1268,한국항공대,1,0,728,644,"1,604","1,522","4,597","2,401","4,754","12,839","3,955","12,336","3,734","11,043","4,918","5,036","4,440","5,712","4,886","6,398","8,544","5,858","7,166","3,298","13,356","3,717","11,135","4,258","10,003","4,379","5,346","3,419","3,371","2,746","3,117","2,337","2,238","2,847","1,432","2,078",92,590,0,0,0,0,0,0,2025-10-03 10:13:02
2025-09,경의선,1269,강매,0,0,"2,555",298,"7,935",960,"20,957","1,465","18,757","4,008","9,215","1,289","6,149","1,453","4,564","1,376","4,214","1,765","3,591","2,341","2,904","2,810","2,810","3,911","3,193","5,266","3,193","7,888","3,613","12,443","1,235","11,132",845,"6,725",781,"6,331",501,"5,685",247,"3,283",3,959,0,0,0,0,0,0,2025-10-03 10:13:02
2025-09,경의선,1270,행신,3,1,"4,563","1,573","15,356","4,252","39,835","5,980","33,153","10,885","17,247","6,800","12,528","6,131","10,882","6,787","10,957","7,726","8,904","8,756","8,450","8,792","7,729","11,001","10,006","16,127","13,696","21,763","10,793","38,956","6,366","27,599","6,657","14,859","6,026","13,541","5,044","11,842","2,709","6,742",62,"2,284",0,0,0,0,0,0,2025-10-03 10:13:02
2025-09,경의선,1271,능곡,170,0,"4,366",747,"9,576","2,060","23,178","3,526","19,695","8,364","11,115","5,015","8,037","4,472","7,114","4,944","6,827","5,052","6,470","5,131","5,839","5,793","6,040","6,783","6,835","8,761","7,548","12,279","6,827","16,642","3,988","13,237","3,169","8,156","2,491","7,920","1,394","7,166",657,"4,173",54,"2,012",0,0,0,0,0,0,2025-10-03 10:13:02
2025-09,경의선,1272,곡산,48,0,375,175,"1,009",813,"1,670","2,020","1,358","2,878","1,193","1,027","1,008",855,912,744,838,853,853,860,"1,023",789,"1,131",898,"1,237","1,077","1,870","1,398","2,236","1,941",639,"1,102",522,637,452,726,239,546,97,360,8,79,3,3,0,0,0,0,2025-10-03 10:13:02
2025-09,경의선,1273,백마,369,1,"5,942",687,"18,693","4,656","39,759","7,341","29,387","11,771","17,105","6,527","12,158","5,164","11,089","5,046","10,978","5,596","9,564","7,837","8,259","8,478","9,188","9,961","11,153","12,975","11,859","17,842","11,091","32,308","5,275","27,540","3,936","15,433","3,350","14,967","2,898","13,223",740,"8,270",105,"1,645",0,0,0,0,0,0,2025-10-03 10:13:02
2025-09,경의선,1274,풍산,585,3,"5,211",444,"12,761","2,799","27,925","4,768","22,853","8,552","15,005","6,744","11,107","6,013","10,169","7,654","9,626","7,188","9,328","8,419","8,934","7,193","9,455","9,238","10,336","12,083","10,909","16,628","9,505","24,038","5,344","17,465","4,578","14,229","4,620","11,159","2,612","9,994","1,041","6,360",58,"1,683",0,0,0,0,0,0,2025-10-03 10:13:02
2025-09,경의선,1275,일산,"1,283",3,"9,298",894,"28,759","4,079","55,236","8,947","39,772","19,276","24,200","9,928","17,924","8,476","17,446","9,825","16,025","12,080","14,849","14,131","13,641","14,278","14,689","16,294","19,701","19,576","15,307","29,172","13,552","41,007","7,967","40,702","6,157","19,957","4,567","20,726","4,715","17,268","1,220","9,900",172,"3,634",0,0,0,0,0,0,2025-10-03 10:13:02
2025-09,경의선,1276,탄현,43,1,"7,157",507,"21,457","3,210","39,768","5,739","29,158","9,754","18,214","6,078","12,556","4,838","11,288","5,279","11,222","6,665","9,843","7,142","8,591","9,641","9,073","10,509","10,455","13,795","11,019","20,746","10,400","30,665","5,469","31,050","4,298","14,227","3,562","16,107","2,803","11,057","1,012","7,919",128,"2,237",0,0,0,0,0,0,2025-10-03 10:13:02
2025-09,경의선,1277,야당,159,0,"6,040",433,"16,826","2,691","32,731","5,211","28,385","9,404","15,806","7,914","11,363","6,288","10,647","7,073","11,113","8,260","9,933","8,688","8,933","11,818","9,595","12,253","10,854","19,363","12,115","25,239","10,289","35,079","8,317","27,816","8,497","13,907","8,757","14,172","8,432","10,811","3,860","7,779",718,"2,133",0,0,0,0,0,0,2025-10-03 10:13:02
2025-09,경의선,1278,운정,80,3,"4,679",565,"17,895","5,243","29,927","7,434","30,261","11,460","15,244","7,203","10,859","5,109","9,688","5,942","9,483","6,860","8,418","6,088","7,620","9,082","8,546","9,148","10,393","15,914","12,664","18,149","11,245","23,833","5,794","19,109","4,253","11,707","3,411","10,761","2,838","8,386",863,"5,932",105,"1,328",0,0,0,0,0,0,2025-10-03 10:13:02
2025-09,경의선,1279,금릉,141,0,"3,559",303,"10,693","2,529","19,450","5,907","16,019","10,752","10,248","5,556","8,204","4,387","7,634","4,283","7,008","5,116","7,105","6,288","6,141","6,686","6,944","7,555","7,849","10,038","10,066","12,845","10,204","14,756","4,978","15,265","4,004","8,799","3,102","7,599","2,218","7,097",496,"5,215",53,"1,402",0,0,0,0,0,0,2025-10-03 10:13:02
2025-09,경의선,1280,금촌,179,0,"3,956",379,"9,938","4,443","20,319","10,089","19,601","16,510","13,089","9,230","10,617","8,221","11,261","7,494","11,985","9,541","10,903","9,038","10,216","8,708","10,739","10,475","13,152","13,531","14,599","15,795","15,936","17,670","7,502","15,252","5,385","10,828","3,732","8,499","2,520","7,814",573,"5,445",109,"1,658",0,0,0,0,0,0,2025-10-03 10:13:02
2025-09,경의선,1282,월롱,89,1,553,51,973,"2,918","2,089","8,822","2,128","11,215","1,840","5,209","1,695","2,476","2,025","2,095","2,920","2,437","3,293","1,746","2,642","1,283","4,763","1,781","7,455","1,772","11,428","2,737","10,489","2,548","3,732","2,149","2,916","2,130","2,278","2,276",945,"1,834",78,"1,480",3,635,0,0,0,0,0,0,2025-10-03 10:13:02
2025-09,경의선,1283,파주,196,2,664,14,"1,573","1,015","2,618","2,825","3,250","6,390","2,061","4,235","1,997","1,884","2,088","1,422","2,708","1,509","2,252","1,470","2,269",989,"3,501","1,535","4,664","1,434","5,671","1,566","4,706","2,016","1,308","1,992",860,"1,432",771,"1,200",272,"1,074",44,829,4,408,0,0,0,0,0,0,2025-10-03 10:13:02
2025-09,경의선,1284,문산,"1,467",3,"2,947",39,"8,634","2,720","17,668","8,863","18,750","15,233","12,977","6,430","9,486","7,159","9,426","7,755","10,752","7,703","10,107","8,979","10,022","6,302","9,898","10,525","11,322","11,740","13,606","11,822","12,091","14,694","5,826","16,274","4,423","9,831","3,215","7,352","1,987","7,238",135,"5,666",0,"2,564",0,0,0,0,0,0,2025-10-03 10:13:02
2025-09,경의선,1285,임진강,0,0,0,0,0,0,0,0,0,0,31,384,42,161,4,3,0,0,0,0,3,3,143,190,80,14,429,95,0,0,0,0,0,0,0,0,0,0,0,0,0,0,0,0,0,0,0,0,2025-10-03 10:13:02
2025-09,경의선,1286,운천,0,0,0,0,0,0,0,0,0,0,80,14,13,8,3,0,0,0,0,0,2,1,12,11,25,0,40,59,0,0,0,0,0,0,0,0,0,0,0,0,0,0,0,0,0,0,0,0,2025-10-03 10:13:02
2025-09,경의선,1291,서울역,4,0,530,18,"1,033","8,264","3,108","22,422","3,421","32,350","2,056","17,124","1,557","6,597","1,755","4,710","2,332","4,239","3,273","5,816","3,734","2,616","5,511","2,537","8,173","3,345","15,147","4,469","23,212","5,440","9,450","2,578","5,461","1,702","4,807","1,430",787,143,"1,744",790,4,105,0,0,0,0,0,0,2025-10-03 10:13:02
2025-09,경의선,1292,공덕,16,0,758,89,"1,782","2,355","5,210","8,620","6,442","20,860","5,480","9,564","6,090","3,925","5,879","3,721","5,872","4,227","5,960","4,045","5,889","4,007","6,019","4,519","8,115","5,067","12,883","7,149","19,591","7,893","9,219","5,103","7,807","4,165","8,430","3,848","5,878","3,074","2,546","1,895",181,235,0,0,0,0,0,0,2025-10-03 10:13:02
2025-09,경의선,1293,홍대입구,2,2,369,106,820,532,"1,431","2,242","1,908","7,323","1,593","6,420","1,440","4,880","1,649","4,440","2,173","5,910","2,833","5,268","3,524","5,801","4,301","5,313","5,136","5,810","7,475","6,444","7,701","7,203","6,089","4,707","5,725","3,342","6,244","2,634","6,352","2,608","2,565","1,259",35,191,0,0,0,0,0,0,2025-10-03 10:13:02
2025-09,경의선,1294,디지털미디어시티,3,0,"1,416",536,"3,497","1,922","9,895","2,486","11,274","4,754","6,416","4,056","4,708","2,616","3,844","2,660","4,167","2,928","3,764","3,491","3,875","3,387","4,013","3,696","5,276","4,981","5,545","8,417","5,670","10,640","3,165","7,974","2,244","5,143","1,983","4,591","1,521","3,848",751,"2,576",36,324,0,0,0,0,0,0,2025-10-03 10:13:02
2025-09,경의선,1296,계양,0,0,0,0,0,0,0,0,0,0,0,0,0,0,0,0,0,0,0,0,0,0,0,0,0,0,0,0,0,0,1,0,0,0,0,0,0,0,0,0,0,0,0,0,0,0,0,0,2025-10-03 10:13:02
2025-09,경의선,1297,검암,0,0,0,0,0,0,1,0,0,0,1,0,0,0,0,0,0,0,1,0,0,0,0,0,0,0,0,0,0,0,1,0,0,0,0,0,1,0,0,0,0,0,0,0,0,0,0,0,2025-10-03 10:13:02
2025-09,경춘선,1311,신내,39,1,"1,593",681,"5,318","2,803","14,693","7,149","11,138","10,179","5,335","2,743","4,050","2,317","3,466","2,501","3,682","2,532","3,398","3,270","3,314","2,729","4,158","4,639","4,925","3,701","6,004","6,830","7,441","10,234","3,034","7,290","1,770","3,709","1,515","3,060","1,259","2,938",719,"2,039",73,731,0,0,0,0,0,0,2025-10-03 10:13:02
2025-09,경춘선,1312,갈매,4,0,"2,156",522,"4,600",963,"15,882","2,994","10,303","5,987","6,653","2,474","4,033","2,900","3,183","1,866","3,514","2,266","3,472","2,900","3,058","2,401","3,186","3,937","3,756","3,895","4,061","6,409","5,803","10,725","2,187","9,380","1,590","3,987","2,095","3,038","1,561","3,545",639,"1,605",25,445,0,0,0,0,0,0,2025-10-03 10:13:02
2025-09,경춘선,1313,별내,57,1,"1,308",555,"2,910","1,704","9,407","4,946","8,211","6,918","5,464","3,922","3,942","3,724","3,541","2,814","4,038","2,624","4,089","3,201","3,761","2,904","4,158","4,153","5,051","3,734","6,023","5,864","6,482","8,868","3,457","6,202","2,402","3,046","2,109","2,078","1,861","2,319",933,"1,328",54,332,0,0,0,0,0,0,2025-10-03 10:13:02
2025-09,경춘선,1314,퇴계원,102,1,"3,210",705,"6,425","2,015","17,993","3,545","13,727","5,068","9,298","3,196","6,664","3,458","5,359","2,971","6,368","2,955","5,098","4,034","3,518","4,081","4,117","5,559","4,234","6,682","5,163","9,041","5,673","12,762","2,264","10,717","1,823","5,583","1,451","4,188",961,"4,855",577,"2,453",17,754,0,0,0,0,0,0,2025-10-03 10:13:02
2025-09,경춘선,1315,사릉,144,10,"1,999",899,"4,298","1,744","10,350","4,956","8,032","4,369","5,248","2,503","3,596","2,145","3,209","2,266","3,137","2,350","3,162","1,988","2,419","2,578","2,675","2,921","3,036","3,075","4,252","5,659","4,897","8,112","2,081","7,291","1,375","3,392","1,054","2,577",524,"2,539",299,"1,603",12,427,0,0,0,0,0,0,2025-10-03 10:13:02
2025-09,경춘선,1316,금곡,72,1,"2,277",361,"2,633","1,080","6,254","3,228","5,577","6,297","4,154","2,677","2,972","1,957","3,146","1,502","2,955","2,362","2,834","2,005","2,134","2,380","3,005","2,443","2,829","2,579","3,724","4,158","3,775","4,956","1,438","4,332",919,"2,102",670,"2,135",365,"1,971",203,"1,086",9,312,0,0,0,0,0,0,2025-10-03 10:13:02
2025-09,경춘선,1317,평내호평,834,3,"6,234",835,"15,024","2,285","30,802","5,358","27,505","11,404","14,311","7,502","11,262","5,444","10,271","6,168","9,933","8,401","8,617","8,179","7,822","9,974","8,410","9,545","9,323","11,853","9,249","21,550","9,593","26,970","5,610","21,567","4,375","9,438","4,085","9,281","3,718","8,073","1,619","5,495",61,"2,332",0,1,0,0,0,0,2025-10-03 10:13:02
2025-09,경춘선,1318,천마산,27,1,"1,196",273,"3,979",777,"8,146","1,875","8,129","1,936","4,889","1,544","3,634","1,344","2,608","1,796","2,515","1,721","2,278","2,123","2,150","2,310","1,808","3,025","1,928","2,879","1,869","4,547","1,812","4,291",867,"6,210",515,"2,639",467,"2,689",288,"1,697",126,"1,227",3,310,0,0,0,0,0,0,2025-10-03 10:13:02
2025-09,경춘선,1319,마석,34,4,"1,583",609,"9,663","2,988","18,233","6,685","14,852","7,212","9,575","6,084","8,462","4,500","6,991","4,949","7,294","5,081","6,394","6,333","6,144","6,418","6,542","7,329","7,058","7,373","7,213","11,540","7,260","13,798","3,396","10,658","2,707","7,766","2,037","5,595","1,556","5,293",604,"2,159",47,934,0,0,0,0,0,0,2025-10-03 10:13:02
2025-09,경춘선,1320,대성리,1,0,"1,175",153,"2,666",596,"1,684","1,020","1,682","1,305","2,078",832,"2,474","1,341","2,067","1,111","1,055","1,051","1,117","1,811","1,167","4,303","1,386","2,284","1,494","2,713","1,557","2,174",973,"1,345",635,"1,381",328,686,252,513,259,410,143,372,5,7,0,0,0,0,0,0,2025-10-03 10:13:02
2025-09,경춘선,1321,청평,11,1,950,291,"2,927","1,168","4,815","2,419","5,321","4,100","4,238","3,911","3,968","3,526","4,167","2,306","3,609","3,503","3,567","3,041","3,666","2,814","3,904","3,795","3,748","4,438","4,270","4,677","3,372","4,249","1,632","4,213","1,188","2,086",744,"1,926",558,"1,655",144,"1,217",12,290,0,0,0,0,0,0,2025-10-03 10:13:02
2025-09,경춘선,1322,상천,0,0,203,67,259,335,663,566,645,976,634,866,674,894,673,695,728,677,820,574,958,542,889,576,"1,020",615,671,357,395,505,207,340,114,204,65,179,40,101,34,126,3,28,0,0,0,0,0,0,2025-10-03 10:13:02
2025-09,경춘선,1323,가평,3,1,"1,021",199,"2,073","1,582","4,287","3,232","4,717","5,490","4,129","4,531","3,569","4,124","4,388","4,591","3,714","4,287","3,660","4,072","4,280","3,845","5,036","4,362","5,648","3,352","6,310","3,947","4,761","3,700","2,440","4,180","1,974","2,725","1,753","1,936",561,"1,916",285,"1,455",20,450,0,0,0,0,0,0,2025-10-03 10:13:02
2025-09,경춘선,1324,굴봉산,8,1,53,7,99,93,151,179,291,294,195,312,207,394,238,341,290,247,398,233,384,246,392,244,361,192,210,216,151,162,78,80,54,92,39,63,14,61,3,67,0,11,0,0,0,0,0,0,2025-10-03 10:13:02
2025-09,경춘선,1325,백양리,0,0,14,3,60,146,76,511,157,263,161,139,163,234,233,263,219,227,236,169,268,205,314,171,324,133,402,113,179,133,67,99,42,99,79,35,27,29,21,28,3,6,0,0,0,0,0,0,2025-10-03 10:13:02
2025-09,경춘선,1326,강촌,7,0,122,62,356,195,523,424,645,"2,006",648,"2,133",594,"1,377","1,021","1,984","1,002","1,067","1,706",891,"1,558","1,032","1,768",672,"2,076",872,"1,390",684,847,646,524,510,324,442,216,357,107,363,27,217,4,52,0,0,0,0,0,0,2025-10-03 10:13:02
2025-09,경춘선,1327,김유정,23,1,160,16,283,155,679,606,673,"1,081",559,851,643,"1,075",631,"1,307",800,"1,416",870,909,"1,047",862,"1,477",760,"1,226",841,"1,241",651,"1,099",731,332,603,242,435,142,264,44,222,22,126,2,82,0,0,0,0,0,0,2025-10-03 10:13:02
2025-09,경춘선,1328,남춘천,663,8,"2,032",33,"4,249","1,140","5,129","1,878","6,661","6,046","6,083","6,984","5,857","4,755","5,826","8,138","5,911","7,596","7,530","6,276","7,314","4,778","8,561","5,833","8,015","6,143","7,186","5,355","5,628","7,850","4,342","8,553","3,160","4,594","2,764","4,220","1,948","5,138",656,"2,946",21,"2,382",0,0,0,0,0,0,2025-10-03 10:13:02
2025-09,경춘선,1329,춘천,321,8,738,18,"1,666",486,"2,025","1,189","2,763","5,449","2,836","5,961","2,358","4,253","2,953","4,141","3,091","3,315","4,477","3,336","4,714","2,406","6,426","2,883","7,062","2,224","5,771","2,234","4,108","2,673","2,528","2,803","1,614","1,527","1,092","1,896",631,"1,363",203,"1,274",2,794,1,0,0,0,0,0,2025-10-03 10:13:02
2025-09,수인선,1873,고색,731,2,"3,783",739,"10,066","4,016","22,341","20,969","18,123","27,200","8,575","6,952","5,603","4,049","5,900","4,817","6,797","4,917","5,596","4,753","5,403","4,872","6,694","5,673","8,786","8,237","18,626","10,883","22,516","14,486","7,447","14,939","6,372","9,765","4,142","6,861","2,290","6,646",892,"3,979",3,"2,050",0,0,0,0,0,0,2025-10-03 10:13:02
2025-09,수인선,1874,오목천,6,1,"1,255",471,"6,760","1,951","15,072","6,164","15,332","16,473","8,846","8,835","6,921","5,534","6,525","4,537","9,131","5,392","7,696","6,256","6,246","4,719","9,367","5,698","13,313","8,467","13,076","7,880","11,486","14,486","5,224","8,998","3,315","5,150","3,067","4,730","2,186","5,463",901,"3,242",15,297,0,0,0,0,0,0,2025-10-03 10:13:02
2025-09,수인선,1875,어천,0,0,408,135,"2,117","2,274","5,271","5,983","4,529","4,336","3,467","1,773","2,608","1,511","2,440","1,590","2,571","1,685","2,346","2,074","1,991","2,132","3,586","2,298","6,350","3,417","3,332","3,518","4,276","5,109","1,686","3,246","1,276","1,894",667,"1,914",433,"1,628",197,788,0,132,0,0,0,0,0,0,2025-10-03 10:13:02
2025-09,수인선,1876,야목,6,1,600,52,"1,713",678,"3,391",790,"2,808",894,"1,518",582,"1,208",810,938,552,985,716,944,762,810,696,"1,043",926,"1,472","1,323","1,262","1,639","1,272","2,664",612,"2,042",382,865,259,"1,113",233,603,88,450,1,68,0,0,0,0,0,0,2025-10-03 10:13:02
2025-09,수인선,1877,사리,5,0,"5,633",458,"12,270","1,666","28,289","3,972","23,960","5,836","13,198","3,012","8,951","3,045","7,081","2,856","7,990","4,387","6,939","5,094","5,424","4,674","5,706","6,526","6,875","10,218","6,922","12,579","6,691","22,039","4,032","14,817","2,450","9,957","2,039","9,991","2,072","7,719",703,"5,903",17,747,0,0,0,0,0,0,2025-10-03 10:13:02
2025-09,수인선,1878,달월,1,0,13,47,38,100,113,102,134,301,89,95,111,85,105,85,105,123,142,96,143,110,130,85,190,142,392,150,790,128,95,100,53,82,25,57,19,84,20,19,13,19,0,0,0,0,0,0,2025-10-03 10:13:02
2025-09,수인선,1879,월곶,4,0,"2,166",379,"5,693","1,592","13,157","2,112","12,887","3,289","6,472","3,489","4,686","4,505","4,387","4,732","4,345","4,727","4,200","4,245","3,970","4,065","4,435","5,211","5,065","6,780","5,320","8,455","6,735","11,164","3,388","6,170","2,226","4,148","2,027","4,602","1,424","3,552",585,"1,812",1,353,0,0,0,0,0,0,2025-10-03 10:13:02
2025-09,수인선,1880,소래포구,26,1,"3,060",572,"8,725","2,638","18,985","4,328","16,117","7,884","8,684","7,059","7,195","9,087","9,024","15,136","10,940","16,430","12,125","12,689","14,819","11,861","15,658","11,111","14,242","13,308","11,914","14,903","10,438","18,749","6,479","12,402","5,741","7,325","7,242","7,142","4,179","5,542","2,018","3,542",18,731,1,0,0,0,0,0,2025-10-03 10:13:02
2025-09,수인선,1881,인천논현,5,0,"2,968","1,029","6,919","5,398","16,261","9,385","14,715","13,382","9,252","9,093","8,090","6,616","8,584","7,415","8,714","7,845","7,980","8,723","8,203","8,869","9,252","9,377","10,029","12,759","12,333","16,250","12,053","19,481","7,119","11,652","6,904","7,969","6,010","6,956","4,754","4,967","2,337","3,442",11,536,0,0,0,0,0,0,2025-10-03 10:13:02
2025-09,수인선,1882,호구포,14,0,"1,803","1,063","3,423","7,381","7,708","20,549","8,693","22,423","5,328","4,536","4,407","3,295","4,498","3,700","5,035","4,017","4,616","3,727","4,705","3,838","5,109","4,281","6,391","5,559","17,980","6,432","16,959","8,037","5,880","6,000","5,776","4,503","4,040","3,812","1,715","2,874",845,"2,193",6,391,0,0,0,0,0,0,2025-10-03 10:13:02
2025-09,수인선,1883,남동인더스파크,4,0,549,956,"1,111","4,677","1,519","19,671","2,268","25,043","1,400","3,180","1,428","1,400","1,607","1,409","1,920","1,532","1,937","1,504","2,366","1,278","2,927","1,274","4,118","1,319","17,218","1,732","13,397","1,890","4,049","2,237","4,246","1,517","2,107",893,489,606,225,356,0,39,0,0,0,0,0,0,2025-10-03 10:13:02
2025-09,수인선,1884,원인재,78,0,"3,956",843,"7,810","2,904","14,979","6,333","16,646","8,763","9,082","5,143","7,028","4,766","6,973","5,136","7,081","6,117","6,597","6,256","6,130","6,666","6,864","8,614","7,395","10,455","8,689","13,269","8,309","16,905","5,515","11,495","4,261","8,453","3,597","7,663","2,773","6,282","1,481","4,483",50,708,0,0,0,0,0,0,2025-10-03 10:13:02
2025-09,수인선,1885,연수,30,1,"3,109","1,052","7,585","2,464","16,418","5,147","14,806","11,506","7,644","6,526","6,063","6,110","6,229","5,939","6,970","7,076","7,111","7,324","7,166","6,743","7,782","7,520","8,386","10,292","8,975","14,619","10,828","16,206","6,118","10,474","6,067","7,375","5,371","6,474","4,213","4,212","2,211","2,957",32,623,0,0,0,0,0,0,2025-10-03 10:13:02
2025-09,수인선,1886,송도,12,1,"2,443",515,"5,351","2,822","9,456","2,731","9,322","4,435","4,741","2,640","3,964","2,642","4,226","2,820","4,351","3,089","4,645","3,185","3,896","3,293","4,439","4,516","5,424","4,695","5,220","7,480","3,874","8,312","2,290","5,974","1,726","3,449","1,568","3,319",834,"2,213",341,"1,635",5,387,0,0,0,0,0,0,2025-10-03 10:13:02
2025-09,수인선,1888,인하대,39,0,"4,685",614,"13,711","3,015","29,664","6,340","23,882","22,419","10,315","12,087","9,188","15,073","9,786","8,986","11,226","10,849","11,157","10,504","11,734","10,404","14,663","10,299","19,173","13,926","19,209","19,867","16,449","28,897","8,598","14,669","7,919","10,601","7,727","10,217","5,528","7,187","3,495","5,585",68,"1,307",0,0,0,0,0,0,2025-10-03 10:13:02
2025-09,수인선,1889,숭의,36,0,"4,324",953,"7,928","4,060","16,479","9,092","13,648","12,991","7,593","5,679","7,514","4,481","7,365","4,150","7,144","5,001","6,642","5,929","6,207","5,359","7,448","5,993","8,651","8,471","10,887","10,440","9,999","14,107","4,746","7,929","3,450","5,620","2,696","5,912","1,878","3,922",886,"2,522",7,559,0,0,0,0,0,0,2025-10-03 10:13:02
2025-09,수인선,1890,신포,4,1,"1,187",284,"2,106","1,267","3,599","4,537","3,227","8,472","1,962","3,187","1,827","2,733","2,208","2,941","3,141","2,788","2,838","3,074","3,471","2,889","4,237","3,064","5,744","3,583","5,881","4,099","5,866","4,825","2,803","2,646","2,499","1,836","2,072","1,514","1,163","1,134",423,650,1,215,0,0,0,0,0,0,2025-10-03 10:13:02
2025-09,수인선,1891,인천,82,0,492,301,"1,121","1,297","1,985","2,732","1,962","4,787","1,931","2,298","1,716","2,555","1,799","3,701","2,000","3,919","2,110","3,395","2,438","3,763","3,452","3,492","3,230","3,511","2,893","3,568","2,554","3,949","1,477","2,563","1,176","1,838",931,"1,300",689,"1,266",151,663,3,224,0,0,0,0,0,0,2025-10-03 10:13:02
2025-09,경강선,1501,판교,4,0,737,40,"2,876","8,833","6,747","20,383","4,103","42,244","2,534","20,747","2,837","12,906","5,243","9,650","5,325","7,181","5,390","5,425","6,889","5,742","9,959","5,269","15,514","7,017","22,706","7,373","27,151","7,089","20,073","4,053","18,863","2,874","11,370","1,987","7,395","1,139","2,017",783,1,226,0,0,0,0,0,0,2025-10-03 10:13:02
2025-09,경강선,1502,이매,6,2,674,30,"2,113","1,274","4,240","2,454","3,150","3,123","1,655","1,513","1,478","1,188","1,318",968,"1,492","1,181","1,304","1,387","1,224","1,206","1,633","1,638","1,885","1,862","2,101","2,682","2,195","3,368","1,290","1,704","1,316","1,150","1,254",910,"1,133",724,360,395,16,71,0,0,0,0,0,0,2025-10-03 10:13:02
2025-09,경강선,1503,삼동,1,0,"1,843",57,"6,167","1,183","13,172","2,133","12,748","2,268","7,179","1,173","4,190","1,331","3,494","1,225","3,009","1,907","2,695","1,921","2,169","2,526","2,242","3,701","2,537","4,823","3,487","8,477","2,682","9,325","1,304","8,762",873,"5,277",702,"4,345",380,"3,383",126,"1,700",8,42,0,0,0,0,0,0,2025-10-03 10:13:02
2025-09,경강선,1504,경기광주,0,0,"3,630",317,"19,178","3,089","47,603","6,583","46,982","9,985","20,967","5,844","14,390","4,794","11,412","5,199","10,675","6,435","9,343","7,132","8,402","8,925","8,731","10,539","11,230","15,681","11,393","22,230","8,979","38,003","4,500","33,794","3,432","19,921","2,295","14,526","1,580","11,915",614,"5,677",69,97,0,0,0,0,0,0,2025-10-03 10:13:02
2025-09,경강선,1505,초월,0,0,"2,190",136,"8,893","1,896","20,267","4,735","21,161","5,192","8,567","2,067","6,191","2,016","5,257","2,093","4,749","2,837","4,277","3,166","3,942","3,973","3,670","4,787","5,027","6,851","6,036","9,092","5,018","15,769","2,637","12,296","1,783","8,516","1,251","7,284",637,"6,724",273,"4,405",39,51,0,0,0,0,0,0,2025-10-03 10:13:02
2025-09,경강선,1506,곤지암,1,0,"1,275",447,"3,381","2,687","8,046","5,590","6,936","7,059","4,536","2,872","3,551","2,342","3,597","2,653","3,425","2,241","3,634","3,215","3,158","3,049","4,361","3,399","5,012","4,200","7,201","5,282","6,057","6,681","2,294","5,237","1,598","3,966","1,153","3,332",454,"2,834",158,"1,597",13,517,0,0,0,0,0,0,2025-10-03 10:13:02
2025-09,경강선,1507,신둔도예촌,0,0,"1,030",45,"3,112",631,"6,894","2,781","4,919","3,765","3,575","1,670","2,721","1,290","2,198","1,519","2,390","1,455","2,334","1,351","2,029","1,632","2,704","1,928","3,358","2,626","4,003","4,311","3,492","4,314","1,206","5,033",985,"3,274",712,"2,530",260,"2,370",97,"1,244",7,392,0,0,0,0,0,0,2025-10-03 10:13:02
2025-09,경강선,1508,이천,2,0,"1,137",50,"4,398","2,084","9,546","6,945","7,470","8,778","6,282","4,983","5,454","3,693","5,041","3,820","4,853","4,608","4,914","4,089","4,968","4,773","5,111","4,851","7,054","6,385","7,599","7,200","7,473","9,689","3,748","7,898","2,879","6,529","2,547","4,498","1,110","3,747",596,"2,483",24,"1,092",0,0,0,0,0,0,2025-10-03 10:13:02
2025-09,경강선,1509,부발,6,0,"1,497",67,"4,188","2,209","8,449","7,884","6,455","6,256","5,504","2,801","3,939","2,224","4,362","2,280","3,765","2,685","3,634","2,861","3,316","2,773","4,480","3,130","4,963","4,453","8,279","5,990","5,484","6,997","3,478","4,980","2,084","4,753","1,301","4,607",597,"3,605",401,"3,498",24,"1,312",0,0,0,0,0,0,2025-10-03 10:13:02
2025-09,경강선,1510,세종대왕릉,3,1,314,1,691,221,932,656,"1,019",726,738,578,875,427,678,636,645,577,663,350,658,710,619,672,760,856,852,694,647,957,295,780,176,579,123,443,43,502,24,254,1,79,0,0,0,0,0,0,2025-10-03 10:13:02
2025-09,경강선,1511,여주,19,0,"2,564",8,"5,724",902,"10,358","4,023","8,539","5,526","6,921","8,310","6,108","3,473","5,418","5,162","5,577","4,756","6,341","3,471","6,802","5,440","6,810","5,255","7,996","6,025","7,182","7,857","6,394","9,459","3,123","8,184","2,249","7,319","1,461","3,600",704,"6,158",235,"3,341",6,"1,367",0,0,0,0,0,0,2025-10-03 10:13:02
2025-09,경강선,1512,성남,1,0,288,14,"1,876",863,"6,110","1,830","5,888","2,167","2,972","1,000","2,076",896,"1,737","1,181","1,793","1,229","1,436","1,356","1,382","1,489","1,750","2,000","2,174","2,311","2,758","3,670","1,943","4,956","1,401","2,916","1,135","2,092",947,"1,678",787,"1,217",290,534,33,126,0,1,0,0,0,0,2025-10-03 10:13:02
2025-09,서해선,1980,김포공항,13,4,234,"2,727",694,"8,894","2,028","12,306","3,161","15,647","3,396","10,153","3,307","9,355","3,410","10,171","3,630","10,800","5,443","9,851","6,272","9,040","8,033","7,593","7,916","8,332","10,107","9,842","13,272","8,767","8,719","5,157","7,059","2,503","6,565","1,462","6,284","1,036","2,154","1,089",79,341,0,0,0,0,0,0,2025-10-03 10:13:02
2025-09,서해선,1981,원종,36,2,"5,871","1,387","9,884","3,950","20,343","6,791","18,655","10,297","10,933","5,538","7,966","4,438","7,423","5,255","7,853","6,805","7,263","5,801","6,332","6,910","7,389","8,245","8,800","10,721","9,676","14,802","10,376","19,358","5,207","14,534","3,927","8,511","3,119","7,506","2,239","6,548","1,141","4,117",30,577,0,0,0,0,0,0,2025-10-03 10:13:02
2025-09,서해선,1982,부천종합운동장,46,0,"2,853",621,"5,713","1,816","14,381","3,478","14,442","4,907","7,472","2,369","4,308","1,757","3,719","1,675","3,645","2,007","3,312","2,182","3,108","2,567","3,142","3,167","3,974","4,847","4,798","6,787","5,888","11,785","2,470","8,884","1,826","4,763","1,673","4,477","1,032","3,986",450,"2,194",48,376,0,0,0,0,0,0,2025-10-03 10:13:02
2025-09,5호선,2511,방화,18,0,"5,666",13,"12,844","3,933","29,716","6,444","27,245","15,238","16,050","9,236","12,487","6,739","12,082","6,968","11,888","7,884","11,405","8,830","10,019","9,509","11,283","11,644","12,571","13,327","12,325","16,722","11,414","23,771","5,871","20,916","3,713","12,870","2,825","11,480","2,094","10,926",873,"6,236",176,"2,327",1,270,0,0,0,0,2025-10-03 10:13:02
2025-09,5호선,2512,개화산,3,1,"5,029",127,"10,253","3,691","25,379","7,139","25,109","15,265","13,519","7,363","9,396","5,939","9,353","6,188","10,144","7,496","8,894","7,603","8,221","7,644","8,030","9,218","9,827","10,904","13,746","13,624","12,216","20,462","5,620","17,206","3,919","10,480","3,097","10,166","2,366","9,151",879,"5,055",98,"1,740",0,69,0,0,0,0,2025-10-03 10:13:02
2025-09,5호선,2513,김포공항,10,1,"1,050","3,159","5,440","10,140","21,118","19,959","26,406","25,959","14,565","14,266","15,130","14,189","17,868","15,864","19,574","16,650","23,788","17,137","25,535","15,902","29,598","15,180","28,416","15,455","30,251","16,638","37,663","15,449","23,953","8,946","18,929","4,661","16,512","2,978","17,536","2,221","7,802","1,211",390,494,2,4,0,0,0,0,2025-10-03 10:13:02
2025-09,5호선,2514,송정,12,1,"3,842","1,116","7,803","4,701","18,670","7,483","23,262","11,501","15,076","7,309","11,579","6,428","9,819","7,293","10,537","8,175","9,560","8,254","9,525","8,778","9,733","9,662","11,547","12,028","12,515","14,014","12,726","19,585","7,921","15,611","5,622","10,708","4,723","10,129","3,550","9,567","1,992","5,360",270,"1,978",0,0,0,0,0,0,2025-10-03 10:13:02
2025-09,5호선,2515,마곡,5,0,"3,150","3,248","9,503","12,296","27,597","32,610","27,688","82,071","15,431","43,483","13,224","22,426","14,845","19,313","16,761","19,893","18,566","21,024","21,043","19,080","26,253","19,427","34,155","21,989","54,820","27,733","65,057","37,128","31,923","25,619","24,364","13,328","21,382","11,836","13,802","10,740","4,855","5,384",640,"2,085",0,0,0,0,0,0,2025-10-03 10:13:02
2025-09,5호선,2516,발산,1,0,"3,972","2,546","12,169","16,900","33,810","49,958","34,740","132,220","22,822","67,198","23,271","36,987","26,546","32,914","30,827","31,955","33,388","34,437","36,758","30,881","45,028","31,030","52,562","33,851","84,048","41,079","99,157","57,823","43,625","39,174","37,559","22,545","33,733","18,466","26,629","16,457","10,905","9,578","1,652","3,266",0,0,0,0,0,0,2025-10-03 10:13:02
2025-09,5호선,2517,우장산,1,0,"7,625",982,"25,595","4,816","59,955","16,515","63,077","24,930","34,069","17,279","26,490","15,159","26,081","14,261","26,202","17,660","23,869","20,769","20,428","23,054","24,573","26,876","28,081","31,689","26,640","39,657","21,581","60,788","13,590","45,130","9,600","27,483","8,876","24,322","7,005","25,345","2,089","13,146",304,"3,795",0,0,0,0,0,0,2025-10-03 10:13:02
2025-09,5호선,2518,화곡,571,8,"24,652","1,616","45,693","9,813","123,300","16,434","153,349","37,660","75,865","27,375","47,568","20,167","41,667","21,341","42,752","23,921","39,032","27,672","33,708","32,046","32,977","39,992","36,542","54,003","40,142","70,389","43,570","128,681","25,523","89,379","17,416","56,422","14,397","53,451","10,874","45,882","4,479","28,280",704,"8,333",0,0,0,0,0,0,2025-10-03 10:13:02
2025-09,5호선,2519,까치산,334,3,"25,509","1,316","47,407","8,034","128,760","11,629","155,406","22,971","80,451","19,560","47,987","17,898","42,059","21,516","42,409","24,969","37,857","27,886","32,328","33,128","30,520","45,103","32,515","57,115","31,998","75,093","31,344","125,833","20,841","95,987","15,007","61,935","12,841","59,264","9,513","49,266","4,831","29,653",815,"8,803",1,395,0,0,0,0,2025-10-03 10:13:02
2025-09,5호선,2520,신정(은행정),146,3,"12,564",884,"25,758","3,681","66,095","8,798","81,378","14,021","39,222","9,190","22,137","7,752","18,703","8,742","18,698","11,088","16,920","12,355","13,886","13,803","14,933","18,241","15,541","23,369","16,767","32,808","16,196","50,568","9,050","37,367","6,755","25,279","5,343","23,171","4,100","21,908","1,478","12,361",275,"3,799",0,0,0,0,0,0,2025-10-03 10:13:02
2025-09,5호선,2521,목동,26,1,"9,245","1,474","22,868","6,188","63,050","18,532","75,592","30,270","37,892","21,550","26,065","16,068","24,433","15,152","24,549","18,599","22,416","22,671","20,661","22,945","22,635","27,574","24,918","35,971","28,625","52,627","30,325","85,826","16,690","56,081","13,811","32,016","14,380","30,671","16,283","26,598","4,377","14,630",672,"4,691",0,0,0,0,0,0,2025-10-03 10:13:02
2025-09,5호선,2522,오목교(목동운동장앞),4,1,"5,494","1,782","17,653","9,401","55,170","29,930","61,357","64,845","33,726","49,709","25,812","32,013","26,983","30,301","29,378","30,531","29,678","35,360","30,153","33,140","34,466","37,091","40,087","45,960","51,623","60,133","63,218","81,051","34,805","50,123","35,782","29,023","29,350","24,999","27,181","21,726","7,529","11,397","1,016","3,349",0,0,0,0,0,0,2025-10-03 10:13:02
2025-09,5호선,2523,양평,1,0,"2,877",914,"7,642","5,138","27,371","12,619","32,526","48,078","15,091","18,375","9,809","7,363","8,603","6,635","9,042","6,522","9,308","7,450","8,745","7,502","9,511","8,319","11,979","10,350","23,492","15,201","38,940","26,729","11,774","17,803","7,241","11,706","5,534","10,901","3,966","9,809","1,854","5,742",262,"1,706",0,0,0,0,0,0,2025-10-03 10:13:02
2025-09,5호선,2524,영등포구청,2,0,"1,250",751,"3,348","2,523","10,391","8,417","16,139","28,958","6,096","12,222","5,028","5,679","5,440","5,029","5,743","5,355","6,271","5,424","6,040","5,230","7,033","5,530","8,529","6,457","13,679","9,392","26,851","16,933","8,376","8,417","6,020","5,539","5,451","5,314","4,026","4,927","1,885","2,732",287,659,0,1,0,0,0,0,2025-10-03 10:13:02
2025-09,5호선,2525,영등포시장,18,1,"2,912","1,112","7,809","6,064","28,947","16,486","39,288","49,042","17,812","28,673","12,710","17,590","13,254","18,072","15,854","20,671","16,943","22,239","17,622","18,853","21,343","16,480","26,294","17,463","37,179","22,326","47,692","37,979","19,410","22,335","14,437","14,567","12,363","13,833","8,583","12,553","3,781","7,532",428,"1,915",0,0,0,0,0,0,2025-10-03 10:13:02
2025-09,5호선,2526,신길,49,0,"2,131",394,"4,951","1,925","18,944","5,535","27,837","15,079","12,151","7,082","8,055","3,545","6,014","3,949","6,526","4,127","5,852","4,615","5,015","4,893","5,364","6,164","6,486","8,094","9,372","12,913","14,643","23,828","5,708","14,237","4,510","11,443","6,384","11,578","4,075","10,480","1,733","6,256",205,"1,742",0,0,0,0,0,0,2025-10-03 10:13:02
2025-09,5호선,2527,여의도,13,0,"2,764","3,401","5,102","32,002","12,070","166,319","15,384","230,282","14,694","87,979","17,865","36,354","24,629","35,782","24,307","34,034","29,774","36,251","33,658","30,300","42,366","30,361","58,774","31,414","157,695","37,521","180,680","53,902","70,785","29,215","64,845","12,863","57,522","9,612","31,291","8,384","9,423","4,510","1,119","2,306",0,0,0,0,0,0,2025-10-03 10:13:02
2025-09,5호선,2528,여의나루,80,2,"1,324","1,912","3,435","14,334","7,535","50,668","11,089","83,259","7,191","35,370","6,891","23,592","8,711","21,188","10,566","22,710","11,643","26,407","15,716","28,269","21,280","32,296","27,941","36,965","59,385","44,978","70,965","43,562","35,907","23,339","39,442","14,978","40,833","10,218","37,625","7,063","14,459","3,264","1,103","1,027",0,0,0,0,0,0,2025-10-03 10:13:02
2025-09,5호선,2529,마포,8,1,"2,639","1,326","9,189","9,489","30,801","22,880","40,168","75,851","21,775","38,681","18,012","18,755","17,738","18,644","18,964","17,088","19,722","17,556","19,697","16,404","21,490","18,373","25,220","24,256","41,835","35,742","63,181","52,707","23,463","32,057","25,237","18,197","25,869","15,527","16,806","13,385","6,195","7,291",755,"2,067",0,0,0,0,0,0,2025-10-03 10:13:02
2025-09,5호선,2530,공덕,14,2,"1,979","1,004","6,162","8,810","22,939","38,041","33,826","81,697","17,643","42,849","14,268","18,814","16,337","17,577","18,583","16,404","21,204","17,731","18,757","15,156","22,052","17,130","27,828","20,350","47,523","31,648","69,509","47,958","27,331","23,136","21,144","14,339","22,335","13,572","16,173","12,073","6,769","6,007",914,"1,767",0,0,0,0,0,0,2025-10-03 10:13:02
2025-09,5호선,2531,애오개,35,13,"2,443",907,"6,882","6,560","23,070","8,221","29,539","17,180","13,921","11,831","9,364","7,271","9,566","7,168","10,475","7,033","10,092","8,330","9,110","8,649","11,030","9,373","13,186","10,920","14,334","16,058","15,053","24,351","7,816","15,173","5,708","9,691","4,680","8,602","3,172","8,054","1,157","4,480",142,"2,136",0,327,0,0,0,0,2025-10-03 10:13:02
2025-09,5호선,2532,충정로(경기대입구),7,0,956,254,"2,718","3,060","7,063","17,854","9,893","40,096","5,450","14,376","4,312","5,041","5,293","4,999","5,574","4,343","5,549","5,149","5,779","5,148","6,368","4,559","8,178","5,059","20,745","6,816","33,539","10,179","8,723","6,150","6,297","4,249","5,442","4,268","2,858","4,202","1,205","2,595",235,635,1,76,0,0,0,0,2025-10-03 10:13:02
2025-09,5호선,2533,서대문,35,1,"3,133",929,"7,238","18,566","22,496","68,736","25,771","172,593","19,174","52,207","18,370","24,799","21,508","22,958","22,411","21,753","21,805","25,740","26,486","19,727","34,534","17,546","46,684","17,870","75,367","22,232","125,356","29,292","32,040","16,128","25,932","11,042","23,125","11,541","16,349","9,299","5,550","5,283",592,"1,438",0,27,0,0,0,0,2025-10-03 10:13:02
2025-09,5호선,2534,광화문(세종문화회관),5,0,"1,328","1,056","3,536","37,401","9,597","99,986","13,332","299,096","12,893","134,428","16,797","63,901","24,236","59,806","30,119","50,397","40,017","54,443","46,281","42,575","59,173","34,913","79,767","35,658","138,669","45,583","227,771","51,481","83,711","22,771","70,991","9,945","72,462","7,819","45,957","5,523","13,753","2,751","1,528",733,6,1,0,0,0,0,2025-10-03 10:13:02
2025-09,5호선,2535,종로3가,35,4,"1,462",534,"2,485","8,281","3,659","17,107","6,101","48,523","8,938","38,389","11,300","33,038","14,593","34,407","20,131","32,978","21,776","31,838","26,280","29,421","31,666","28,800","38,542","30,677","49,205","36,686","62,318","43,325","37,083","25,107","35,774","15,708","39,632","12,134","34,532","9,812","20,235","5,588","2,960","1,896",0,14,0,0,0,0,2025-10-03 10:13:02
2025-09,5호선,2536,을지로4가,4,0,631,694,"1,153","7,185","3,012","20,181","4,473","46,155","4,421","21,150","5,677","13,389","7,061","12,723","8,304","10,671","9,388","10,071","10,319","8,846","12,375","8,181","15,856","8,007","30,354","7,684","40,796","8,537","15,882","4,992","10,701","3,634","9,443","3,025","6,550","2,419","3,201","1,598",515,534,0,1,0,1,0,0,2025-10-03 10:13:02
2025-09,5호선,2537,동대문역사문화공원(DDP),0,0,220,283,765,"3,524","1,738","11,000","3,219","31,597","3,575","11,825","3,860","4,769","3,338","3,841","3,156","3,869","3,162","4,100","4,044","3,527","4,562","3,636","6,300","4,087","14,249","4,640","22,892","4,816","8,465","3,158","4,738","2,593","4,150","2,737","2,653","2,430","1,125","1,715",210,454,0,3,0,0,0,0,2025-10-03 10:13:02
2025-09,5호선,2538,청구,6,1,"1,567",148,"2,323","1,948","6,546","3,847","9,344","14,151","5,763","8,032","5,000","4,242","4,925","3,366","4,370","4,141","4,834","4,535","4,479","4,592","4,995","5,033","7,280","5,521","9,122","7,188","13,729","9,910","7,268","6,406","4,650","4,329","3,565","4,114","2,979","3,840","1,647","2,329",269,684,0,0,0,0,0,0,2025-10-03 10:13:02
2025-09,5호선,2539,신금호,39,0,"3,127",563,"7,445","3,239","22,447","9,312","29,533","15,007","16,371","8,313","10,298","6,538","8,914","6,619","9,247","7,846","9,124","8,746","9,320","9,353","9,435","11,345","11,957","13,844","10,625","17,757","11,177","27,825","7,813","17,815","5,360","11,277","4,184","10,219","2,959","9,188","1,181","5,401",264,"1,822",0,0,0,0,0,0,2025-10-03 10:13:02
2025-09,5호선,2540,행당,24,0,"4,000",654,"12,246","2,774","35,349","5,399","44,238","10,864","21,981","7,482","14,609","5,662","12,747","6,642","11,982","7,871","11,446","8,966","9,659","10,453","10,865","13,036","10,479","16,370","10,672","20,695","10,890","33,008","6,887","20,830","4,990","14,066","4,161","13,157","3,430","11,088","1,057","6,265",213,"1,899",0,0,0,0,0,0,2025-10-03 10:13:02
2025-09,5호선,2541,왕십리(성동구청),62,0,"1,774",641,"2,409","3,507","6,913","7,183","9,382","18,917","5,308","10,902","4,829","7,413","5,508","7,588","6,285","7,845","6,818","8,592","7,030","8,370","8,288","8,663","10,878","9,602","11,880","12,257","15,091","17,529","9,381","9,579","8,024","5,776","8,202","5,122","6,494","4,390","3,029","2,626",592,"2,043",0,310,0,0,0,0,2025-10-03 10:13:02
2025-09,5호선,2542,마장,1,0,"2,496",580,"7,239","4,342","17,885","7,873","21,006","17,161","12,542","12,631","9,456","8,672","8,900","7,796","10,998","8,682","9,731","8,695","9,388","7,395","10,795","8,310","13,185","9,601","13,137","13,473","12,662","18,969","7,419","12,049","6,121","8,204","5,439","7,708","4,003","7,587","1,407","4,087",201,"1,332",0,9,0,0,0,0,2025-10-03 10:13:02
2025-09,5호선,2543,답십리,44,1,"9,445","1,338","22,490","8,735","62,333","15,331","82,302","35,066","39,122","19,166","23,520","13,752","20,114","14,310","21,497","15,586","21,105","17,881","19,151","16,996","20,637","21,758","24,896","25,736","30,627","37,374","33,434","62,405","16,810","39,154","11,669","25,965","9,280","23,359","6,574","21,664","3,078","12,182",495,"4,180",0,1,0,0,0,0,2025-10-03 10:13:02
2025-09,5호선,2544,장한평,24,3,"8,270","1,222","21,597","11,840","64,658","26,766","85,267","73,633","43,590","31,452","26,689","22,257","23,011","18,922","24,913","19,978","23,972","21,198","23,642","21,016","25,310","24,491","31,442","31,183","45,323","45,188","65,882","72,515","28,826","50,297","16,985","30,560","13,443","28,958","9,948","25,525","4,075","15,487",686,"4,702",0,69,0,0,0,0,2025-10-03 10:13:02
2025-09,5호선,2545,군자(능동),55,3,"7,768",874,"12,144","5,843","36,742","10,440","49,818","28,157","24,626","20,122","14,839","14,532","14,443","13,887","16,292","15,114","16,981","16,934","15,087","16,977","15,981","19,638","18,815","25,384","24,854","35,936","29,075","58,390","17,747","36,113","15,189","22,957","14,309","20,329","11,646","20,103","6,425","11,631","1,302","5,675",2,957,0,0,0,0,2025-10-03 10:13:02
2025-09,5호선,2546,아차산(어린이대공원후문),33,0,"9,386","1,545","18,905","6,357","45,168","15,140","59,994","34,545","33,430","18,770","23,600","18,114","21,382","19,087","23,893","19,180","24,539","20,003","23,926","20,745","25,739","26,292","28,122","31,160","29,392","38,555","29,327","57,327","17,818","38,162","13,013","25,083","11,892","20,574","10,376","18,418","3,381","10,544",567,"3,114",0,0,0,0,0,0,2025-10-03 10:13:02
2025-09,5호선,2547,광나루(장신대),5,0,"4,582","1,906","13,747","7,281","32,036","16,359","36,528","36,830","21,631","21,128","17,074","17,077","16,252","14,984","17,919","15,698","18,172","15,981","18,285","15,542","22,119","16,919","26,140","20,396","25,938","27,011","30,285","34,913","15,643","24,824","11,703","15,611","12,449","14,431","10,113","13,955","2,562","8,163",441,"2,191",0,0,0,0,0,0,2025-10-03 10:13:02
2025-09,5호선,2548,천호(풍납토성),111,2,"7,708","1,729","13,348","13,857","38,171","21,038","46,088","42,394","27,353","37,479","25,203","30,598","28,158","31,653","32,411","32,420","33,449","36,685","35,919","33,665","41,394","36,346","46,591","39,183","53,016","47,328","55,290","64,468","38,370","42,719","33,761","25,748","24,338","22,927","18,006","19,878","8,784","11,994","1,715","4,006",0,0,0,0,0,0,2025-10-03 10:13:02
2025-09,5호선,2549,강동,112,3,"12,758","1,516","22,444","11,896","61,396","29,975","75,891","54,791","39,744","30,367","28,660","21,236","25,535","19,720","28,237","21,678","26,746","25,691","26,922","24,396","28,663","27,002","33,191","31,305","44,824","38,342","46,350","61,273","23,002","43,609","16,078","30,218","12,492","27,957","8,917","24,916","3,723","15,104",881,"6,326",0,0,0,0,0,0,2025-10-03 10:13:02
2025-09,5호선,2550,길동,4,0,"5,419",793,"10,531","4,017","27,926","8,156","32,170","20,487","18,665","15,493","15,335","11,491","15,084","12,039","16,012","12,781","16,218","13,141","13,873","14,813","14,453","15,975","15,663","19,136","17,011","22,165","18,391","31,420","10,138","23,372","7,240","14,647","6,505","11,228","4,702","11,246","1,958","5,749",455,"2,816",0,0,0,0,0,0,2025-10-03 10:13:02
2025-09,5호선,2551,굽은다리(강동구민회관앞),6,0,"8,037",723,"14,725","3,141","38,513","7,294","41,357","15,961","22,007","11,903","17,389","10,413","15,450","11,539","17,274","12,314","16,293","14,040","14,316","14,591","14,327","15,765","15,491","21,201","16,171","23,529","16,192","39,270","9,357","27,073","7,680","17,675","7,178","13,694","5,027","14,447","1,585","7,045",404,"2,927",0,0,0,0,0,0,2025-10-03 10:13:02
2025-09,5호선,2552,명일,14,0,"5,795","1,483","14,175","3,473","35,395","7,860","32,695","15,119","18,367","9,786","15,138","9,817","13,094","9,284","14,276","8,673","12,539","11,492","11,883","11,241","12,038","14,667","14,589","18,523","12,529","19,594","12,804","34,565","7,879","25,959","6,694","14,394","6,473","11,798","3,756","11,813","1,594","6,625",363,"2,265",0,1,0,0,0,0,2025-10-03 10:13:02
2025-09,5호선,2553,고덕,2,0,"4,443","1,605","12,045","6,943","30,521","20,913","27,136","24,034","18,321","17,690","16,776","15,402","18,141","11,939","18,366","13,564","15,578","18,721","16,926","15,242","20,693","18,137","24,902","19,758","26,118","20,489","19,988","31,345","12,121","24,836","9,886","13,135","9,592","12,534","9,706","11,585","2,124","6,007",362,"2,534",0,146,0,0,0,0,2025-10-03 10:13:02
2025-09,5호선,2554,상일동,85,1,"11,047","1,396","34,382","6,240","81,117","12,951","62,389","20,557","35,926","11,651","25,203","10,027","20,748","9,652","21,423","15,720","18,241","17,522","16,430","16,911","19,597","23,378","19,463","24,806","21,491","39,598","22,585","60,595","11,445","50,422","8,099","28,089","5,596","26,353","4,089","22,525","1,746","13,466",508,"5,907",2,"1,267",0,0,0,0,2025-10-03 10:13:02
2025-09,5호선,2555,둔촌동,10,1,"6,903",586,"18,575","6,713","50,822","13,214","50,854","26,820","29,449","17,356","21,058","13,993","19,171","13,603","20,275","16,388","19,741","19,609","19,536","18,990","20,413","23,401","21,719","26,918","24,940","36,523","26,619","52,415","15,098","37,853","11,983","19,154","9,849","20,188","7,451","16,215","2,984","8,811",349,"2,770",0,0,0,0,0,0,2025-10-03 10:13:02
2025-09,5호선,2556,올림픽공원(한국체대),8,0,"1,728",952,"6,467","3,875","13,613","7,235","14,210","13,289","9,940","7,637","8,306","7,303","8,077","6,467","9,044","7,625","8,473","8,430","7,494","9,445","10,282","9,475","11,722","9,535","12,362","11,074","12,065","12,521","7,948","8,933","9,398","5,736","8,304","5,418","3,260","4,323",987,"3,238",112,880,0,0,0,0,0,0,2025-10-03 10:13:02
2025-09,5호선,2557,방이,2,0,"2,720",938,"7,909","4,180","21,382","9,582","20,356","25,509","12,940","13,137","11,036","9,559","9,697","9,044","10,775","11,194","11,611","10,407","10,390","12,360","11,290","13,303","13,398","17,066","17,255","21,632","20,554","24,471","10,330","18,293","9,298","10,511","11,987","8,946","12,404","7,516","2,476","4,670",265,"1,331",0,0,0,0,0,0,2025-10-03 10:13:02
2025-09,5호선,2558,오금,26,1,"1,209",599,"3,626","2,977","8,391","11,201","8,881","23,094","6,481","7,774","5,123","3,824","5,605","3,576","5,534","4,115","5,537","3,982","5,414","4,577","7,036","4,608","8,627","5,803","11,359","7,224","15,872","8,616","5,013","6,665","3,435","4,319","2,890","3,785","2,233","4,074",637,"2,570",110,924,1,2,0,0,0,0,2025-10-03 10:13:02
2025-09,5호선,2559,개롱,5,0,"3,854",796,"10,752","2,902","25,448","8,336","24,632","16,671","14,208","9,158","11,295","6,820","10,106","7,208","10,405","7,469","9,934","9,178","8,934","9,871","10,476","10,843","14,802","14,506","13,261","17,913","13,458","23,363","6,798","21,169","4,738","12,022","4,348","10,299","2,405","10,897",901,"5,717",89,"1,949",0,0,0,0,0,0,2025-10-03 10:13:02
2025-09,5호선,2560,거여,15,0,"7,419",765,"18,893","3,425","49,725","9,756","45,749","19,953","24,741","10,050","17,112","7,642","15,108","8,802","15,473","8,782","14,201","12,768","12,616","11,943","13,031","16,277","15,467","21,125","16,780","26,231","16,149","42,377","7,721","34,250","5,646","18,903","5,137","16,740","3,438","17,321","1,228","8,982",170,"2,877",0,0,0,0,0,0,2025-10-03 10:13:02
2025-09,5호선,2561,마천,124,0,"7,589",336,"15,582","3,138","45,629","4,491","34,609","11,398","18,159","6,640","11,475","6,312","9,741","5,473","10,801","6,929","9,118","7,998","8,081","7,375","7,861","12,339","9,092","13,684","8,259","17,348","10,207","26,030","4,281","22,668","3,632","11,893","2,389","12,118","1,531","11,420",698,"6,529",97,"2,403",0,0,0,0,0,0,2025-10-03 10:13:02
2025-09,5호선,2562,강일,5,2,"3,254",727,"10,555","3,369","32,046","6,507","27,229","9,369","16,306","4,763","12,053","3,913","8,912","4,050","8,974","6,239","8,363","5,895","6,994","6,967","7,903","9,160","8,967","10,257","9,325","15,617","9,366","20,455","4,153","20,297","3,123","12,275","2,082","10,842","1,659","9,815",681,"5,950",173,"1,948",0,0,0,0,0,0,2025-10-03 10:13:02
2025-09,5호선,2563,미사,7,0,"8,631",946,"25,080","8,403","76,573","15,987","70,443","29,082","35,707","24,911","25,851","19,224","23,463","18,600","25,765","21,421","25,256","20,559","23,335","24,976","26,809","25,319","28,370","35,351","31,980","48,508","32,514","70,604","19,698","65,632","17,590","36,101","17,343","28,792","15,116","25,353","7,033","16,351","1,963","5,538",0,0,0,0,0,0,2025-10-03 10:13:02
2025-09,5호선,2564,하남풍산,12,0,"2,089",463,"6,233","2,956","11,655","8,669","13,159","17,680","8,452","10,372","7,753","6,879","7,120","6,094","7,446","5,541","7,493","6,783","7,156","6,313","8,874","6,502","10,499","8,220","12,797","8,209","14,422","11,804","5,375","10,845","3,944","6,103","3,788","5,533","2,281","5,399",681,"3,308",153,"1,189",0,0,1,0,0,0,2025-10-03 10:13:02
2025-09,5호선,2565,하남시청(덕풍·신장),43,1,"6,414",167,"15,416","3,675","33,950","7,202","30,303","17,079","19,965","9,110","15,065","10,132","14,242","9,154","15,117","9,066","13,346","12,926","12,375","11,298","13,078","16,628","15,644","18,393","14,997","18,404","15,028","26,881","8,270","24,710","6,367","14,224","5,353","13,534","3,369","12,337","1,315","7,116",365,"3,484",0,0,0,0,0,0,2025-10-03 10:13:02
2025-09,5호선,2566,하남검단산,21,0,"4,799",17,"11,300","3,390","26,911","5,182","21,691","11,965","13,350","9,284","10,812","8,744","9,207","8,427","9,767","10,632","10,193","9,640","9,858","9,402","11,032","12,668","12,402","11,575","12,158","15,109","11,336","18,776","7,293","17,217","6,386","10,603","4,998","9,692","4,316","8,485","1,240","5,495",115,"2,315",0,0,0,0,0,0,2025-10-03 10:13:02
2025-09,6호선,2611,응암,33,1,"12,660","1,516","29,984","5,935","78,579","10,691","93,208","19,544","49,291","20,648","30,750","18,323","28,045","16,033","28,756","19,085","26,479","20,307","22,731","22,250","22,907","29,982","27,841","36,796","26,360","51,351","23,540","79,439","14,275","60,918","10,342","39,332","8,681","33,387","6,603","29,149","2,553","18,915",390,"5,646",0,0,0,0,0,0,2025-10-03 10:13:02
2025-09,6호선,2612,역촌,0,0,"2,483",441,"6,633","3,395","17,262","3,697","18,558","8,577","9,972","4,580","6,636","3,809","6,462","5,006","6,806","5,848","6,675","5,503","5,800","5,851","5,591","6,847","5,680","9,025","5,986","12,552","5,693","19,194","3,191","14,881","2,206","8,358","1,762","8,364","1,314","7,527",570,"5,063",83,"1,562",0,0,0,0,0,0,2025-10-03 10:13:02
2025-09,6호선,2613,불광,27,0,"1,660",379,"4,463","2,924","12,923","4,056","14,831","8,534","7,999","7,623","7,204","5,938","7,717","6,583","8,952","6,766","9,200","7,709","9,404","7,246","10,849","8,364","11,698","9,015","11,475","11,837","10,845","15,724","6,551","11,426","5,356","6,949","4,130","6,101","2,023","5,762",921,"3,395",127,"1,158",0,0,0,0,0,0,2025-10-03 10:13:02
2025-09,6호선,2614,독바위,8,0,"2,474",245,"4,822",940,"14,359","2,445","13,593","3,294","7,697","2,709","5,212","2,810","4,173","2,519","4,178","3,370","3,651","3,426","3,401","3,860","3,377","4,750","3,954","6,166","3,516","7,836","3,043","12,163","1,922","10,631","1,171","6,534",810,"5,293",587,"4,954",328,"3,147",52,"1,187",0,0,0,0,0,0,2025-10-03 10:13:02
2025-09,6호선,2615,연신내,0,0,0,0,2,0,2,0,1,0,3,0,7,0,5,0,7,0,5,0,5,0,6,0,4,0,9,0,9,0,4,0,3,0,0,0,2,0,0,0,1,0,0,0,0,0,0,0,2025-10-03 10:13:02
2025-09,6호선,2616,구산,38,0,"6,433",310,"14,138","2,501","33,993","7,314","41,169","8,776","22,397","6,195","14,683","5,773","13,507","7,287","14,003","8,002","11,923","8,687","10,820","9,597","12,204","12,304","13,186","15,664","11,614","17,875","9,944","25,481","6,670","21,326","4,955","11,519","4,156","10,529","3,813","8,810","1,177","5,388",287,"1,487",0,1,0,0,0,0,2025-10-03 10:13:02
2025-09,6호선,2617,새절(신사),82,2,"11,916",883,"22,961","5,585","58,758","9,135","65,219","16,499","33,327","13,879","21,350","10,348","18,330","11,501","19,285","13,017","16,969","15,844","15,195","15,423","17,259","20,256","21,983","24,030","18,340","32,515","15,705","50,504","9,790","40,113","6,352","24,083","5,664","21,981","4,466","19,413","1,814","11,987",274,"4,121",0,6,0,0,0,0,2025-10-03 10:13:02
2025-09,6호선,2618,증산(명지대앞),73,12,"7,519",832,"15,363","4,333","39,546","5,056","47,965","11,507","26,348","9,657","16,816","8,146","14,739","9,004","14,684","9,262","14,136","11,266","11,921","12,206","12,213","15,015","13,816","19,291","13,045","26,016","12,815","42,001","7,648","31,335","5,752","19,468","4,213","18,624","3,502","15,796","1,471","8,920",307,"2,915",0,0,0,0,0,0,2025-10-03 10:13:02
2025-09,6호선,2619,디지털미디어시티,240,26,"7,205","2,523","19,224","12,551","55,845","32,793","57,565","70,802","32,035","32,019","19,227","12,976","16,595","12,477","17,029","14,015","15,734","15,539","14,332","16,070","16,361","18,844","22,276","25,870","38,399","35,032","50,025","54,155","22,052","37,580","11,492","23,622","12,808","22,232","10,999","20,820","3,225","11,193",783,"4,706",0,14,0,0,0,0,2025-10-03 10:13:02
2025-09,6호선,2620,월드컵경기장(성산),31,0,965,"1,482","3,194","4,312","8,521","7,259","10,118","10,702","6,276","10,275","6,995","11,122","8,216","11,508","9,340","12,919","9,796","14,302","11,094","14,822","13,320","16,631","16,116","19,226","15,255","32,497","12,783","41,786","9,083","13,639","10,424","5,918","40,838","4,783","18,569","3,367","1,648","1,582",203,493,0,0,0,0,0,0,2025-10-03 10:13:02
2025-09,6호선,2621,마포구청,24,4,"6,634","1,865","16,210","7,957","46,199","16,599","60,444","38,888","37,076","19,940","24,114","14,908","22,527","13,881","22,908","17,258","21,663","19,689","19,740","17,430","21,437","22,604","24,920","24,721","28,971","31,690","38,229","47,743","19,406","34,441","14,163","23,087","15,394","21,332","12,500","20,200","4,504","12,136",657,"3,418",0,0,0,0,0,0,2025-10-03 10:13:02
2025-09,6호선,2622,망원,26,3,"6,285",850,"11,178","5,988","29,559","11,495","39,792","35,265","27,234","33,877","19,543","27,438","20,896","29,964","26,838","31,720","27,225","35,936","27,193","32,061","29,108","37,300","32,528","39,644","37,974","44,982","43,971","53,814","30,973","37,305","26,457","20,489","23,552","18,041","19,268","15,529","8,942","10,327","1,293","2,523",0,0,0,0,0,0,2025-10-03 10:13:02
2025-09,6호선,2623,합정,26,0,"3,546","1,370","5,968","6,711","14,368","17,430","21,275","43,396","15,506","31,393","13,440","19,546","14,881","19,412","17,599","20,067","19,378","22,362","20,579","19,581","23,475","21,848","26,808","26,725","35,663","32,891","49,754","46,443","32,992","28,284","29,346","16,007","32,075","15,003","27,237","13,415","14,694","8,395","2,430","2,501",0,0,0,0,0,0,2025-10-03 10:13:02
2025-09,6호선,2624,상수,53,2,"5,197","1,553","7,306","4,970","11,306","6,699","14,998","26,030","11,015","39,410","8,818","23,622","9,916","19,103","13,637","21,569","15,566","24,021","16,033","20,218","19,174","19,377","25,637","22,366","30,001","27,716","32,927","38,108","23,680","24,523","22,667","16,220","24,671","13,643","23,831","13,461","15,596","10,261","3,060","3,466",0,1,0,0,0,0,2025-10-03 10:13:02
2025-09,6호선,2625,광흥창(서강),11,0,"3,328","1,677","8,828","6,970","23,757","17,244","30,425","37,091","19,232","20,956","14,436","12,574","15,979","11,023","15,522","12,309","14,579","12,043","13,935","12,285","15,887","13,308","18,822","15,168","25,077","19,689","32,830","28,045","14,586","20,181","11,349","12,274","10,924","11,045","6,545","10,826","2,666","6,245",403,"2,053",0,0,0,0,0,0,2025-10-03 10:13:02
2025-09,6호선,2626,대흥(서강대앞),6,0,"2,594","1,488","6,171","6,847","17,139","21,075","24,113","38,367","15,834","23,783","11,544","23,981","11,819","15,826","14,087","15,632","19,184","20,340","16,288","14,301","17,923","15,620","25,421","18,185","30,927","22,709","32,768","30,922","16,063","18,721","14,033","11,291","15,858","9,850","13,880","9,085","4,569","6,161",800,"1,953",0,1,0,0,0,0,2025-10-03 10:13:02
2025-09,6호선,2627,공덕,98,2,"5,171","2,368","9,625","12,521","24,519","46,013","35,697","101,698","25,833","52,659","21,092","24,307","23,127","21,815","25,037","21,801","25,362","22,895","25,682","21,618","31,268","23,016","37,858","28,402","64,683","35,139","87,729","46,600","39,435","28,566","30,371","18,455","30,391","17,500","21,020","15,062","9,334","10,050","1,243","4,338",1,195,0,0,0,0,2025-10-03 10:13:02
2025-09,6호선,2628,효창공원앞,11,0,"2,554",772,"6,343","4,345","19,418","8,260","29,937","28,195","17,036","15,750","10,959","11,744","10,076","10,240","11,710","9,638","12,538","10,668","10,868","10,029","12,853","10,468","16,290","12,982","19,194","15,629","26,338","22,646","11,249","15,209","7,684","10,235","7,322","9,115","5,680","8,238","2,581","5,073",500,"2,135",0,0,0,0,0,0,2025-10-03 10:13:02
2025-09,6호선,2629,삼각지(전쟁기념관),9,1,"1,905",825,"3,387","6,254","9,801","16,411","15,034","30,050","11,088","14,095","7,914","11,214","9,272","11,006","11,028","11,918","13,310","12,434","15,393","11,500","17,386","11,766","21,916","13,121","28,160","15,827","32,689","19,496","16,080","11,360","12,907","7,540","13,367","7,434","10,728","7,633","5,775","5,041",979,"1,455",1,10,0,0,0,0,2025-10-03 10:13:02
2025-09,6호선,2630,녹사평(용산구청),63,1,"1,513",530,"2,310","4,510","5,240","9,253","7,990","19,605","6,793","9,633","4,831","7,869","5,558","7,840","6,143","9,118","6,550","9,817","7,612","9,680","9,501","10,587","13,125","11,171","16,547","13,775","20,859","16,250","12,952","10,979","11,893","6,834","12,864","5,574","11,055","5,270","5,630","2,920",749,910,0,0,0,0,0,0,2025-10-03 10:13:02
2025-09,6호선,2631,이태원,187,0,"13,788","3,114","11,639","19,341","9,852","13,629","11,524","33,731","10,325","28,631","9,884","19,898","10,867","16,122","12,320","17,402","13,733","18,584","15,964","17,510","21,986","19,442","33,571","23,188","34,679","27,997","40,372","34,163","28,738","29,880","24,337","23,755","25,055","23,766","24,850","23,967","18,111","19,694","3,529","7,503",0,0,0,0,0,0,2025-10-03 10:13:02
2025-09,6호선,2632,한강진,26,1,860,920,"1,594","10,801","4,349","25,899","6,875","46,521","6,447","31,712","4,718","24,429","6,101","22,035","8,539","21,514","10,744","26,815","13,997","23,113","21,549","25,220","31,275","25,969","42,425","26,778","48,505","27,891","31,736","14,202","27,542","5,762","22,586","4,598","23,394","4,111","4,510","2,539",548,"1,767",0,196,0,0,0,0,2025-10-03 10:13:02
2025-09,6호선,2633,버티고개,0,0,950,248,"2,000","1,578","5,853","2,887","7,933","6,243","5,465","3,789","3,741","2,808","3,235","2,378","3,100","2,867","3,008","3,317","3,121","3,496","3,714","3,939","4,448","4,149","5,425","5,079","7,387","7,180","3,743","5,328","2,326","3,560","1,632","3,360","1,498","3,031",709,"2,022",139,464,0,42,0,0,0,0,2025-10-03 10:13:02
2025-09,6호선,2634,약수,8,0,"1,281",307,"2,054","2,776","5,145","7,025","8,307","17,045","6,389","9,299","4,910","5,756","5,071","5,271","5,808","5,103","5,821","5,743","6,134","5,234","6,771","6,341","8,170","6,357","10,227","7,826","14,182","10,080","7,483","6,048","5,753","3,783","5,450","3,315","4,458","2,975","2,286","1,689",442,531,0,1,0,0,0,0,2025-10-03 10:13:02
2025-09,6호선,2635,청구,19,0,"1,421",513,"2,909","3,134","7,546","7,312","10,452","22,411","6,433","11,597","5,237","4,954","4,783","3,957","4,754","4,214","4,963","4,852","5,092","4,527","5,463","5,097","7,065","5,560","8,881","6,426","14,633","8,095","8,664","5,262","5,108","3,952","4,481","3,641","3,498","3,350","1,757","2,170",380,730,0,0,0,0,0,0,2025-10-03 10:13:02
2025-09,6호선,2636,신당,121,0,"5,516","1,329","4,933","8,601","7,992","16,082","12,620","37,749","9,791","22,314","8,652","14,072","10,565","11,398","11,265","11,237","11,784","12,728","12,704","10,170","15,560","10,117","19,847","13,142","23,257","15,610","27,747","21,380","17,036","20,459","16,395","11,452","14,677","8,625","17,219","9,478","6,996","7,540","1,558","2,530",2,19,0,0,0,0,2025-10-03 10:13:02
2025-09,6호선,2637,동묘앞,177,6,"5,115","1,076","5,250","4,088","11,437","8,548","17,807","23,362","15,170","19,229","13,835","15,969","15,892","16,606","16,963","16,032","17,061","18,452","19,014","17,930","21,404","16,861","23,439","17,888","25,160","19,496","23,554","22,061","14,070","15,928","10,757","11,414","8,351","11,261","6,413","11,934","3,108","8,289",531,"2,692",2,115,0,0,0,0,2025-10-03 10:13:02
2025-09,6호선,2638,창신,8,0,"2,928",348,"5,710","2,291","16,669","5,553","18,468","6,848","9,827","4,454","5,512","3,390","5,083","3,484","5,114","3,815","4,889","4,165","4,109","4,098","4,834","4,715","6,993","5,845","5,983","7,825","5,296","10,328","3,728","8,266","3,483","5,546","2,526","5,223","1,338","5,132",640,"3,097",129,966,0,0,0,0,0,0,2025-10-03 10:13:02
2025-09,6호선,2639,보문,32,0,"4,840",815,"8,768","5,043","25,612","11,112","36,515","22,157","20,249","12,328","12,091","8,716","10,954","8,513","12,180","8,836","11,979","9,459","10,709","8,682","12,294","11,016","14,896","13,010","17,564","18,832","19,409","27,125","9,710","20,814","8,115","13,541","7,580","13,036","6,259","13,475","3,242","8,714",720,"2,696",0,0,1,1,0,0,2025-10-03 10:13:02
2025-09,6호선,2640,안암(고대병원앞),21,0,"2,076","1,615","3,591","7,336","10,626","22,063","15,219","62,341","14,072","41,047","15,296","49,752","19,173","30,166","20,781","22,632","22,648","29,947","28,798","23,867","30,822","18,296","50,906","19,951","60,955","22,357","44,968","31,195","26,146","20,224","24,015","13,776","30,160","14,261","23,752","15,071","14,016","10,270","2,539","3,853",0,122,0,0,0,0,2025-10-03 10:13:02
2025-09,6호선,2641,고려대(종암),53,0,"3,709",963,"8,355","4,750","23,236","14,023","29,575","31,448","16,663","15,709","11,788","16,848","12,030","11,578","13,293","10,548","15,285","14,097","15,240","12,503","15,755","11,323","24,758","14,778","27,718","18,033","24,501","29,683","13,222","20,776","10,655","13,193","13,373","13,201","8,376","12,901","3,477","8,779",605,"2,817",0,41,0,0,0,0,2025-10-03 10:13:02
2025-09,6호선,2642,월곡(동덕여대),28,1,"7,480","1,039","15,511","4,165","44,554","9,037","50,540","29,940","26,255","19,335","18,348","17,778","16,940","15,246","17,954","13,553","19,061","15,590","19,523","15,381","19,505","18,578","24,541","24,195","24,437","29,174","28,380","45,293","13,989","33,569","10,040","19,633","9,194","18,613","5,667","16,821","2,657","10,791",494,"3,578",0,0,0,0,0,0,2025-10-03 10:13:02
2025-09,6호선,2643,상월곡(한국과학기술연구원),56,2,"5,705",436,"9,977","2,061","27,289","4,161","30,126","16,778","16,652","10,788","10,988","12,750","10,745","9,257","10,400","7,209","10,969","8,777","11,499","8,248","10,266","9,749","12,184","11,430","11,913","15,049","11,526","21,306","6,899","18,006","3,861","10,826","4,525","10,535","2,602","9,760","1,265","6,439",178,"2,279",0,1,0,0,0,0,2025-10-03 10:13:02
2025-09,6호선,2644,돌곶이,24,3,"8,609","1,065","21,551","3,609","58,947","7,260","58,832","19,414","28,387","13,354","18,620","10,218","16,122","10,425","17,290","12,832","16,152","13,982","14,530","13,470","15,279","17,911","16,910","22,399","17,470","29,177","17,914","47,380","11,559","37,517","7,868","21,379","6,974","18,319","5,102","18,616","2,401","11,054",491,"3,722",0,0,0,0,0,0,2025-10-03 10:13:02
2025-09,6호선,2645,석계,"1,474",12,"9,155","2,193","21,392","7,283","52,850","9,539","57,056","17,459","31,581","12,477","22,187","11,880","19,197","14,511","19,738","14,785","18,771","16,012","17,130","16,550","17,653","21,340","18,684","27,444","20,658","34,522","17,824","56,077","11,848","42,815","8,845","25,676","7,881","22,921","6,836","21,111","3,721","12,906",773,"4,476",0,8,0,0,0,0,2025-10-03 10:13:02
2025-09,6호선,2646,태릉입구,14,0,"4,811","1,234","7,943","3,733","20,393","4,374","23,734","11,708","12,715","8,309","9,599","6,137","8,879","9,552","9,246","7,613","9,017","8,656","9,016","9,545","9,577","10,144","10,851","12,712","10,792","16,950","10,901","25,630","7,150","19,524","5,498","12,140","4,816","11,865","4,119","10,838","2,202","8,077",496,"3,896",0,2,0,0,0,0,2025-10-03 10:13:02
2025-09,6호선,2647,화랑대(서울여대입구),10,0,"6,886","1,346","23,151","4,731","58,837","9,678","55,563","23,385","28,220","14,737","18,355","10,199","16,585","11,350","16,998","9,027","17,658","10,993","15,976","10,679","18,701","13,550","23,620","17,161","22,366","25,022","18,229","38,994","8,779","32,723","6,015","19,748","4,846","17,262","3,703","16,701","1,302","10,688",173,"3,737",0,23,0,0,0,0,2025-10-03 10:13:02
2025-09,6호선,2648,봉화산(서울의료원),12,0,"6,565",966,"18,556","2,875","48,050","6,265","41,399","12,603","20,270","7,777","14,321","6,826","12,976","6,582","13,146","8,346","11,631","10,295","10,152","10,497","10,243","13,554","12,079","16,372","12,654","23,063","11,254","31,974","5,552","28,735","3,998","16,978","3,407","14,387","2,690","14,440","1,016","8,025",158,"2,894",0,193,0,0,0,0,2025-10-03 10:13:02
2025-09,6호선,2649,신내,0,0,0,0,0,0,0,0,1,0,0,0,1,0,0,0,2,0,0,0,0,0,0,0,2,0,1,0,5,0,0,0,1,0,1,0,0,0,2,0,0,0,0,0,0,0,0,0,2025-10-03 10:13:02
2025-09,7호선,2711,장암,6,1,"2,244",238,"8,831","1,360","19,484","1,503","13,425","1,993","5,577","2,467","2,999","2,717","2,684","3,302","3,221","2,738","3,591","2,026","3,815","1,487","3,974","1,744","3,968","2,142","4,077","2,729","3,708","3,873","2,073","2,997","1,190","1,951",786,881,568,935,191,639,28,248,0,0,0,0,0,0,2025-10-03 10:13:02
2025-09,7호선,2712,도봉산,116,0,"6,298","1,173","19,678","5,301","53,717","9,853","41,353","16,302","22,293","16,570","14,104","14,064","12,779","11,525","12,876","12,661","11,761","13,368","11,442","13,006","13,070","15,782","16,183","19,613","13,931","24,960","12,659","38,086","6,304","39,494","4,028","23,355","3,370","18,970","2,464","16,908",947,"10,342",173,"4,527",3,67,0,0,0,0,2025-10-03 10:13:02
2025-09,7호선,2713,수락산,65,1,"10,791",972,"22,527","5,676","49,767","9,007","49,279","17,400","31,064","15,360","21,976","14,960","20,381","16,146","21,429","17,961","20,735","16,417","19,992","16,954","21,105","20,733","20,668","25,977","19,764","31,708","19,192","46,466","11,746","42,810","8,106","25,939","6,385","20,752","4,105","18,782","2,157","11,327",320,"4,128",0,0,0,0,0,0,2025-10-03 10:13:02
2025-09,7호선,2714,마들,8,0,"12,274","1,256","29,040","3,256","70,401","8,477","67,373","13,155","34,983","10,693","23,764","10,623","21,555","12,192","22,358","14,318","18,870","15,550","16,260","16,858","17,304","21,460","16,599","26,648","14,860","33,335","13,206","52,851","8,438","49,723","5,766","27,086","4,268","23,611","3,216","21,170","1,241","12,751",193,"3,957",0,0,0,0,0,0,2025-10-03 10:13:02
2025-09,7호선,2715,노원,59,2,"7,810","2,533","16,338","8,709","41,441","17,464","45,374","50,614","30,067","46,715","29,413","33,587","32,126","33,405","35,436","34,267","35,658","39,286","37,796","38,200","41,992","40,205","45,436","44,474","45,132","48,876","47,023","66,814","31,742","51,086","27,670","26,483","23,613","21,895","21,244","18,303","8,164","12,075","1,595","3,807",0,0,0,0,0,0,2025-10-03 10:13:02
2025-09,7호선,2716,중계,63,1,"10,240","2,202","26,736","6,085","66,122","19,491","66,724","33,321","35,462","16,863","25,107","12,871","22,701","14,764","26,784","15,137","22,584","15,821","20,778","15,921","19,712","20,043","26,102","24,161","22,686","32,402","19,351","50,639","10,848","47,935","7,852","28,410","9,185","23,863","7,159","20,977","2,727","12,227",423,"3,721",0,0,0,0,0,0,2025-10-03 10:13:02
2025-09,7호선,2717,하계,87,1,"9,321","2,046","28,780","7,195","72,511","18,597","75,431","30,157","41,456","24,008","29,621","18,812","29,257","17,971","29,586","22,468","26,959","27,051","26,355","23,738","31,534","26,873","35,102","32,491","33,695","40,174","27,415","61,948","14,982","54,588","13,337","32,070","11,440","27,507","8,506","25,917","2,748","16,516",585,"5,067",0,0,0,0,0,0,2025-10-03 10:13:02
2025-09,7호선,2718,공릉(서울과학기술대),45,0,"6,435","1,038","15,424","4,803","39,485","13,099","44,360","27,875","24,040","22,197","18,870","16,062","19,009","13,954","20,393","16,521","20,670","17,829","19,217","16,395","22,937","19,479","26,186","24,178","26,764","28,947","26,588","44,123","15,026","35,911","12,063","21,421","11,060","18,439","9,049","18,563","4,934","11,799",850,"3,902",0,0,0,0,0,0,2025-10-03 10:13:02
2025-09,7호선,2719,태릉입구,187,0,"8,134","1,290","8,400","5,603","20,013","9,395","26,360","23,054","16,958","13,879","12,800","10,706","11,994","13,824","14,092","10,944","14,074","12,135","14,325","12,419","17,343","12,495","19,681","14,921","22,277","18,622","22,647","24,756","13,142","21,170","9,766","13,875","8,260","12,405","6,304","12,003","3,013","7,225",569,"3,240",0,"1,364",0,0,0,0,2025-10-03 10:13:02
2025-09,7호선,2720,먹골,66,1,"8,116",657,"14,435","3,574","36,160","6,279","45,991","16,499","25,782","11,086","18,456","9,771","16,330","11,040","16,573","12,309","16,323","13,307","14,486","13,950","13,980","17,970","15,184","22,206","15,969","27,417","17,599","40,915","11,072","32,160","8,118","20,467","6,418","17,753","4,606","15,484","2,148","9,771",408,"2,851",0,75,0,0,0,0,2025-10-03 10:13:02
2025-09,7호선,2721,중화,161,0,"8,486",990,"16,722","4,551","38,997","10,335","49,427","24,338","28,236","12,540","17,917","10,335","16,144","10,751","17,083","12,421","15,874","12,852","13,903","13,767","15,225","18,038","17,580","22,599","18,650","26,069","19,830","40,657","12,024","34,355","8,042","21,285","6,745","18,709","5,056","17,375","2,229","10,268",370,"3,001",1,16,0,0,0,0,2025-10-03 10:13:02
2025-09,7호선,2722,상봉,460,17,"10,756","1,675","21,756","7,376","56,748","13,224","79,023","28,963","39,970","21,507","24,774","17,337","23,075","17,744","25,269","19,521","24,265","21,632","23,518","21,844","24,730","25,492","28,456","31,682","31,345","43,931","32,896","69,435","22,948","58,198","18,377","34,266","17,449","27,056","13,356","26,432","7,049","16,228","1,478","7,271",0,12,0,0,0,0,2025-10-03 10:13:02
2025-09,7호선,2723,면목,77,0,"13,745",861,"25,445","5,359","58,858","9,914","72,390","31,900","41,238","18,235","26,504","15,019","22,874","14,823","23,753","18,681","22,662","18,744","20,315","18,953","22,297","25,636","25,847","32,576","22,188","38,068","23,507","54,986","15,752","47,397","9,495","28,612","7,602","25,011","5,143","23,725","2,441","12,461",381,"4,374",1,1,0,0,0,0,2025-10-03 10:13:02
2025-09,7호선,2724,사가정,45,1,"12,618","1,384","25,009","7,940","58,946","12,916","72,475","29,384","43,554","18,879","27,714","16,288","23,764","16,698","25,409","18,902","23,219","20,198","21,668","21,479","22,230","28,547","24,274","33,679","25,281","44,470","25,066","66,865","17,928","52,759","12,227","31,012","9,678","28,079","7,677","24,255","3,912","12,883",719,"4,411",0,0,0,0,0,0,2025-10-03 10:13:02
2025-09,7호선,2725,용마산(용마폭포공원),18,1,"5,491",710,"11,283","2,297","24,483","4,551","29,744","12,062","16,204","6,033","10,092","5,406","8,802","5,114","10,154","6,452","8,281","8,674","6,701","7,266","7,559","9,709","8,172","11,874","9,043","15,397","8,225","22,866","5,284","18,439","3,167","11,412","2,822","10,776","1,677","9,445",994,"5,769",189,"1,981",0,0,0,0,0,0,2025-10-03 10:13:02
2025-09,7호선,2726,중곡,18,7,"6,933",761,"14,181","4,607","32,848","18,756","47,507","32,250","29,010","15,839","18,470","10,180","16,521","9,814","16,080","11,097","15,362","12,188","14,174","12,771","14,987","16,057","21,859","19,935","23,658","24,077","25,071","35,481","13,356","28,684","8,527","17,741","6,902","16,332","5,535","13,945","1,921","7,644",434,"2,766",0,0,0,0,0,0,2025-10-03 10:13:02
2025-09,7호선,2727,군자(능동),30,3,"9,324",780,"15,725","6,084","39,220","10,017","60,844","28,676","39,549","19,838","22,992","12,981","20,142","13,121","20,883","13,619","20,847","15,295","19,763","16,519","20,566","20,162","22,651","23,107","30,546","30,889","35,389","46,134","22,535","35,114","18,376","21,581","17,129","19,141","13,483","16,688","7,273","9,761","1,379","3,470",0,58,0,0,0,0,2025-10-03 10:13:02
2025-09,7호선,2728,어린이대공원(세종대),21,0,"3,341","1,176","8,223","7,691","21,944","19,297","36,378","85,188","25,732","51,831","18,601","53,802","21,561","42,094","23,067","28,789","30,189","37,532","34,608","29,903","37,321","24,008","51,532","24,944","66,175","29,647","58,240","40,732","33,082","27,074","27,167","18,143","25,279","16,279","19,978","16,282","11,027","11,417","2,321","3,442",0,16,0,0,0,0,2025-10-03 10:13:02
2025-09,7호선,2729,건대입구,78,1,"4,453","1,233","5,890","9,741","15,189","22,015","21,564","47,742","17,113","34,932","15,849","30,946","17,901","25,054","19,838","25,439","22,340","26,978","27,315","25,562","32,273","24,235","37,168","25,446","45,709","32,661","39,440","41,088","29,189","27,046","29,271","16,068","25,936","14,127","21,324","12,091","10,821","6,810","1,878","3,743",1,190,0,0,0,0,2025-10-03 10:13:02
2025-09,7호선,2730,자양(뚝섬한강공원),13,0,"5,332",732,"10,706","4,396","25,081","7,495","33,463","14,266","21,258","11,134","12,855","9,255","11,104","9,954","11,768","11,969","11,985","14,967","11,961","16,512","13,793","21,432","16,383","27,301","18,921","39,587","21,679","61,667","22,670","55,235","40,374","25,228","40,670","17,354","24,782","13,487","11,109","6,297","1,525","1,949",0,1,0,0,0,0,2025-10-03 10:13:02
2025-09,7호선,2731,청담,18,1,"2,735","3,699","6,917","33,050","12,644","62,130","16,549","139,893","14,178","89,271","13,259","36,753","16,433","22,570","20,325","22,081","20,276","23,894","24,987","21,097","33,099","18,831","46,447","19,890","73,061","21,242","107,442","21,845","53,186","17,513","30,640","11,190","28,278","9,320","21,755","6,864","5,550","3,542",788,"2,334",0,0,0,0,0,0,2025-10-03 10:13:02
2025-09,7호선,2732,강남구청,22,0,"1,845","1,917","4,285","18,369","8,110","40,352","11,198","112,190","10,617","103,241","10,337","44,915","12,583","25,470","15,759","21,875","18,398","23,716","22,799","20,887","28,225","19,127","35,192","19,103","57,051","21,311","92,545","22,629","57,045","13,969","35,724","9,758","31,558","7,102","21,703","5,769","9,375","3,794","1,641","1,742",0,0,0,0,0,0,2025-10-03 10:13:02
2025-09,7호선,2733,학동,5,0,"1,930","1,488","4,827","25,546","9,114","59,462","12,712","182,533","12,230","133,509","12,574","55,265","15,651","29,099","20,278","24,647","22,322","28,239","28,582","22,988","37,105","18,913","48,786","19,517","93,292","21,438","161,463","21,700","75,409","13,573","40,051","8,492","32,531","7,851","24,333","5,536","9,075","3,507","1,356","1,345",0,0,0,0,0,0,2025-10-03 10:13:02
2025-09,7호선,2734,논현,55,1,"2,864","1,430","4,742","17,737","9,670","44,983","15,136","110,326","12,780","95,819","12,196","38,188","14,548","24,600","16,785","24,135","18,694","25,610","23,835","23,812","28,343","22,230","36,527","25,164","68,171","30,568","106,025","36,867","59,216","20,458","38,829","12,361","37,741","10,433","34,027","7,890","16,702","5,319","3,065","2,539",0,0,0,0,0,0,2025-10-03 10:13:02
2025-09,7호선,2735,반포,19,0,"1,063","1,009","3,753","13,755","11,270","14,143","15,684","21,333","11,286","17,893","8,342","11,566","8,588","11,565","9,696","11,182","10,336","11,017","11,668","10,362","14,810","10,787","20,400","11,725","21,014","12,657","20,026","14,752","13,542","9,399","10,992","6,557","10,357","5,576","7,689","5,285","2,505","2,893",286,965,0,0,0,0,0,0,2025-10-03 10:13:02
2025-09,7호선,2736,고속터미널,13,1,"1,420","3,265","3,027","24,127","12,247","44,876","20,940","54,348","26,683","38,844","25,597","31,040","27,658","28,452","28,472","25,516","28,457","28,818","30,272","25,442","41,312","21,383","45,966","22,376","64,243","24,953","52,321","28,161","34,314","17,483","36,314","10,779","32,313","9,733","23,960","5,660","7,506","3,129",799,793,0,6,0,0,0,0,2025-10-03 10:13:02
2025-09,7호선,2737,내방,9,0,"2,882","2,207","8,679","16,651","20,493","28,975","30,358","79,730","22,685","46,974","17,112","22,320","16,917","17,732","18,109","17,777","20,374","19,298","21,386","18,035","23,158","18,115","31,745","20,557","50,787","27,123","69,252","35,115","28,102","21,935","19,880","14,416","18,799","12,561","12,492","10,019","4,028","6,267",749,"2,814",1,187,0,0,0,0,2025-10-03 10:13:02
2025-09,7호선,2738,이수,31,0,"4,778","1,347","10,596","18,036","32,190","19,625","45,153","45,000","31,880","31,860","21,962","21,412","21,014","20,810","24,117","20,815","24,960","23,894","24,773","23,568","27,173","25,985","36,097","31,412","38,851","44,210","47,757","61,085","28,437","39,592","25,259","22,593","27,567","18,303","24,333","16,169","12,145","9,862","1,995","3,118",1,9,1,0,0,0,2025-10-03 10:13:02
2025-09,7호선,2739,남성,45,1,"6,530",911,"15,605","3,703","41,741","7,254","57,269","18,858","35,972","13,431","20,804","12,011","17,533","12,703","18,405","12,677","17,552","13,879","15,247","15,130","15,207","19,089","16,857","22,631","15,952","30,666","16,585","46,109","10,025","33,387","9,107","21,582","7,715","18,809","5,199","17,039","2,256","9,878",420,"3,084",0,0,0,0,0,0,2025-10-03 10:13:02
2025-09,7호선,2740,숭실대입구(살피재),30,0,"6,468",902,"15,104","4,084","41,049","8,785","51,276","40,454","34,140","25,072","21,994","34,585","20,731","25,154","21,119","18,724","23,559","24,931","26,362","22,180","25,267","22,834","35,880","27,430","38,546","36,459","28,339","52,662","18,142","37,021","15,961","24,011","16,586","21,898","13,705","21,060","8,346","13,426","1,949","4,343",0,0,0,0,0,0,2025-10-03 10:13:02
2025-09,7호선,2741,상도,13,1,"5,661","1,862","14,317","6,448","38,495","9,589","47,689","28,677","30,039","20,906","19,294","21,988","17,947","18,183","19,316","18,220","19,634","17,077","18,875","19,316","20,941","19,043","25,018","22,746","28,940","31,436","27,444","46,928","15,110","30,782","12,916","20,808","14,350","19,113","9,777","18,005","5,240","10,913","1,254","3,431",0,0,0,0,0,0,2025-10-03 10:13:02
2025-09,7호선,2742,장승배기,14,0,"5,520","2,218","12,056","9,569","28,633","10,986","38,958","23,713","24,928","13,934","16,668","10,815","15,137","10,677","15,595","13,035","15,454","13,901","14,187","13,765","15,549","16,759","18,605","18,003","19,395","22,630","19,364","32,476","9,825","23,304","8,513","15,276","8,090","13,396","5,442","11,750","2,028","7,724",466,"2,550",0,0,0,0,0,0,2025-10-03 10:13:02
2025-09,7호선,2743,신대방삼거리,83,1,"9,880",793,"20,674","4,683","56,024","9,640","79,031","20,027","44,686","18,057","26,342","14,385","23,240","14,646","25,611","16,768","22,353","18,108","20,542","19,431","19,975","23,685","22,187","29,065","20,960","40,144","21,734","64,199","13,196","46,944","11,137","29,057","9,600","26,203","6,935","22,625","3,216","14,062",702,"5,291",0,40,0,0,0,0,2025-10-03 10:13:02
2025-09,7호선,2744,보라매,16,0,"3,939",969,"6,621","3,263","18,496","9,649","26,177","22,191","15,079","10,514","9,531","8,349","9,166","8,671","9,807","9,449","10,446","9,419","10,331","8,859","10,918","10,242","12,452","12,422","14,470","17,282","16,919","25,482","7,962","18,438","7,324","11,336","6,324","10,026","5,499","8,715","2,127","5,398",317,"2,135",0,32,0,0,0,0,2025-10-03 10:13:02
2025-09,7호선,2745,신풍,202,4,"13,636","1,163","17,130","5,895","44,207","12,650","55,062","22,108","31,231","14,579","18,608","12,479","16,926","12,284","18,122","13,707","16,950","14,461","15,911","14,455","17,058","18,534","19,734","22,484","19,182","32,038","19,905","45,267","12,017","31,883","8,874","19,749","7,332","18,552","5,645","15,665","2,317","8,440",463,"2,864",0,419,0,0,0,0,2025-10-03 10:13:02
2025-09,7호선,2746,대림(구로구청),81,1,"10,817",974,"8,820","4,005","18,286","8,440","23,408","19,752","17,998","15,305","13,392","18,532","13,950","17,960","15,341","15,952","16,474","16,159","17,478","15,485","18,344","17,118","18,990","18,338","20,345","23,354","20,145","23,445","12,387","16,039","9,474","11,752","7,819","13,880","6,430","10,802","3,241","5,544",473,"1,374",1,0,0,0,0,0,2025-10-03 10:13:02
2025-09,7호선,2747,남구로,147,4,"17,530","1,337","16,414","7,935","33,371","35,729","36,456","98,299","24,042","46,284","17,109","19,799","15,483","15,478","17,129","15,922","16,228","16,192","15,480","15,171","17,673","18,726","21,994","23,512","48,535","33,307","74,413","32,471","31,167","23,503","15,995","16,554","10,891","18,409","7,131","15,035","3,021","8,050",520,"1,966",0,0,0,0,0,0,2025-10-03 10:13:02
2025-09,7호선,2748,가산디지털단지,587,5,"6,704","5,500","10,878","28,769","26,172","144,939","31,511","400,785","21,694","232,660","20,388","60,644","24,951","36,432","33,126","34,106","37,055","34,690","41,615","29,723","55,066","27,330","81,541","27,279","227,111","31,460","316,235","37,563","123,546","27,578","68,801","17,293","50,545","14,619","28,504","13,307","11,856","8,646","1,742","3,114",2,2,0,0,0,0,2025-10-03 10:13:02
2025-09,7호선,2749,철산,15,0,"11,658","3,619","38,249","10,444","99,631","19,240","97,493","37,817","54,108","27,688","34,924","20,632","32,092","21,142","33,369","24,299","28,865","27,860","27,143","27,966","28,629","34,808","33,175","45,436","35,530","68,170","36,658","103,137","21,513","76,630","19,380","42,598","18,216","37,202","15,333","32,788","6,422","19,096","1,232","5,759",0,0,0,0,0,0,2025-10-03 10:13:02
2025-09,7호선,2750,광명사거리,203,2,"20,125","6,285","34,889","12,974","86,254","17,245","89,018","28,560","48,868","24,894","32,972","25,833","30,441","28,531","32,991","32,619","32,550","33,168","30,652","32,316","33,671","38,929","39,929","44,459","38,445","56,774","33,769","85,030","22,235","62,619","15,107","35,042","11,643","31,164","8,542","25,335","3,521","14,645",765,"4,394",0,5,0,0,0,0,2025-10-03 10:13:02
2025-09,7호선,2751,천왕,29,0,"8,989",814,"21,909","5,567","59,471","10,956","62,397","20,608","34,520","9,460","19,906","8,393","16,354","9,320","16,001","12,438","14,606","12,972","13,209","14,249","14,838","18,994","17,042","23,374","16,522","33,473","15,912","49,802","7,738","39,480","5,551","23,016","4,048","19,131","2,823","16,848","1,199","10,720",293,"2,772",1,92,0,0,0,0,2025-10-03 10:13:02
2025-09,7호선,2752,온수(성공회대입구),315,2,"9,783",808,"21,143","3,667","47,796","12,302","53,672","22,414","24,134","15,836","13,960","7,816","12,096","9,151","13,719","9,200","12,410","10,844","11,197","10,214","13,610","12,871","18,491","15,929","19,394","23,226","16,127","40,721","7,223","28,912","5,239","18,875","4,778","14,821","3,137","13,425","1,646","8,279",317,"4,555",1,"1,092",0,0,0,0,2025-10-03 10:13:02
2025-09,8호선,2810,암사역사공원,3,1,"3,509",513,"11,038","3,124","32,747","7,559","36,494","8,874","18,882","4,528","11,027","4,187","9,425","4,687","9,109","6,319","8,337","6,918","7,713","7,542","8,215","8,932","10,814","11,936","10,874","17,869","11,718","25,733","5,684","19,463","3,701","13,216","3,101","10,241","2,347","11,095",738,"5,179",155,"1,339",0,0,0,0,0,0,2025-10-03 10:13:02
2025-09,8호선,2811,암사,177,0,"15,647",733,"26,018","5,051","72,804","9,384","83,332","20,477","44,277","14,622","27,623","12,040","24,002","15,224","24,324","16,849","22,595","18,901","19,176","20,764","19,318","28,460","20,602","32,470","21,408","43,234","21,926","66,609","13,591","49,077","10,866","29,087","7,854","24,433","5,346","24,058","2,419","12,427",529,"3,944",1,146,0,0,0,0,2025-10-03 10:13:02
2025-09,8호선,2812,천호(풍납토성),120,0,"11,808","2,551","18,571","13,189","47,589","21,114","59,015","37,423","34,885","31,350","23,698","23,595","22,901","26,340","24,981","27,136","25,078","30,751","25,479","29,693","28,842","35,441","32,432","38,228","40,052","52,999","40,780","74,655","27,038","50,117","23,846","29,881","16,921","26,883","12,640","21,322","5,957","12,778","1,486","4,202",0,0,0,0,0,0,2025-10-03 10:13:02
2025-09,8호선,2813,강동구청,30,0,"6,054",812,"12,820","6,064","32,628","16,751","41,081","36,952","25,067","16,985","17,731","11,705","14,843","10,717","15,122","12,031","14,838","14,088","13,982","13,921","15,594","17,253","17,755","20,042","22,637","26,786","29,189","37,296","11,441","25,961","8,705","17,183","7,050","14,829","5,060","12,587","1,763","6,895",394,"2,069",0,0,0,0,0,0,2025-10-03 10:13:02
2025-09,8호선,2814,몽촌토성(평화의문),14,1,"1,951","2,013","5,040","8,822","14,095","12,670","21,585","32,068","13,302","17,323","8,668","10,014","8,456","9,626","9,204","10,050","9,564","10,063","10,422","9,543","11,542","9,785","17,050","12,835","20,368","16,078","26,772","20,168","12,187","15,509","9,172","9,809","9,914","8,038","7,633","7,108","3,217","4,537",824,"1,404",0,0,0,0,0,0,2025-10-03 10:13:02
2025-09,8호선,2815,잠실(송파구청),47,2,"1,705","3,217","3,768","14,018","8,256","42,213","11,994","96,916","9,907","61,469","10,661","41,408","15,098","40,518","19,428","39,530","23,794","40,017","31,051","35,831","39,934","37,232","47,628","37,606","63,915","42,573","82,041","48,469","51,357","24,941","48,010","13,975","44,755","9,217","31,370","6,572","10,730","4,151","2,103","1,688",1,205,0,0,0,0,2025-10-03 10:13:02
2025-09,8호선,2816,석촌,3,0,"2,635",972,"6,351","4,929","17,687","10,428","25,498","24,825","15,347","19,870","11,292","13,949","11,334","14,545","12,861","14,923","12,744","16,454","13,100","15,191","14,333","17,107","15,704","18,315","19,994","25,272","23,240","32,816","12,771","22,122","12,129","13,090","12,542","10,802","10,026","9,181","4,201","5,543",731,"1,953",0,2,0,0,0,0,2025-10-03 10:13:02
2025-09,8호선,2817,송파,25,1,"3,415",874,"11,650","5,337","33,722","11,746","39,173","22,600","24,842","12,752","18,056","9,414","16,238","9,531","15,788","11,347","15,100","13,599","13,380","14,501","15,887","17,621","17,274","20,213","17,335","25,616","19,562","36,009","10,638","26,629","7,870","15,997","6,074","14,526","5,189","12,101","1,982","5,722",283,"1,885",0,53,0,0,0,0,2025-10-03 10:13:02
2025-09,8호선,2818,가락시장,177,0,"3,811","3,022","6,975","8,117","14,041","16,880","15,397","44,949","11,929","19,411","11,966","13,108","11,938","13,195","12,470","12,626","13,038","12,729","14,455","12,975","16,741","13,516","17,619","16,208","23,389","20,285","31,575","25,398","14,333","16,531","12,500","11,403","11,626","9,109","9,330","7,424","4,257","4,923","1,139","2,000",1,591,0,0,0,0,2025-10-03 10:13:02
2025-09,8호선,2819,문정,8,0,"2,631","3,685","8,872","11,962","30,014","66,027","37,693","191,442","23,646","84,023","18,434","31,971","19,446","20,193","23,729","21,396","25,952","23,495","29,258","21,313","31,932","21,507","39,526","24,957","98,440","30,219","137,582","42,409","45,383","30,942","30,941","18,656","24,688","15,504","18,052","13,516","6,820","7,100","1,350","1,974",0,0,0,0,0,0,2025-10-03 10:13:02
2025-09,8호선,2820,장지,20,0,"5,816","3,256","20,331","12,592","49,823","29,908","54,615","51,269","34,947","35,490","22,360","20,029","19,654","21,074","20,787","21,296","21,890","19,858","22,535","20,300","28,526","23,090","33,022","28,078","46,047","36,028","50,835","52,459","28,331","33,018","21,868","20,071","15,886","17,747","8,060","14,375","2,783","9,224",575,"2,300",0,0,0,0,0,0,2025-10-03 10:13:02
2025-09,8호선,2821,복정,98,0,"3,837","2,492","12,404","10,279","31,820","11,530","39,859","21,525","23,964","15,789","14,363","9,316","11,802","7,268","13,689","9,061","12,727","9,559","11,754","9,144","12,970","12,081","18,565","15,647","24,493","22,656","26,699","32,611","15,815","22,629","9,430","14,210","7,057","12,874","5,643","11,817","2,606","5,103",567,"1,019",1,1,0,1,0,0,2025-10-03 10:13:02
2025-09,8호선,2822,산성,18,0,"5,424","1,205","12,256","3,247","32,233","4,018","32,686","9,336","16,317","4,908","10,791","4,928","8,694","4,387","8,914","5,466","8,005","6,161","6,992","7,002","7,800","10,375","9,392","12,387","8,962","17,876","6,770","29,193","3,392","23,245","2,768","14,243","1,994","13,041","1,433","10,711",641,"6,581",160,"2,495",0,0,0,0,0,0,2025-10-03 10:13:02
2025-09,8호선,2823,남한산성입구(성남법원.검찰청),103,7,"11,721","1,565","22,626","4,560","55,395","11,309","64,814","29,246","33,109","28,835","21,547","14,789","19,246","10,760","21,802","13,901","17,872","15,400","17,729","13,421","20,642","19,335","24,712","22,952","26,158","30,000","22,427","44,331","10,127","33,860","7,310","22,585","5,917","21,846","3,672","18,642","1,568","10,928",283,"3,667",0,0,0,0,0,0,2025-10-03 10:13:02
2025-09,8호선,2824,단대오거리,72,0,"11,405","1,606","21,364","5,842","51,895","12,277","58,671","20,818","29,144","13,350","18,133","9,250","16,358","9,895","18,285","11,996","16,124","12,575","14,210","14,007","15,464","18,989","19,675","24,417","21,743","31,443","22,286","49,681","10,696","36,443","7,834","23,373","5,713","20,182","3,994","17,403","1,646","10,566",441,"3,335",0,0,0,0,0,0,2025-10-03 10:13:02
2025-09,8호선,2825,신흥,1,0,"4,206",592,"8,343","2,587","19,694","3,464","23,853","7,270","12,711","4,769","8,482","5,470","7,304","5,933","7,664","7,417","7,096","8,245","7,470","8,667","8,651","9,635","9,902","12,767","9,657","14,448","8,763","20,730","4,986","15,591","4,123","10,034","2,791","8,618","1,865","7,788",948,"4,393",210,"1,367",0,2,0,0,0,0,2025-10-03 10:13:02
2025-09,8호선,2826,수진,6,0,"4,018",534,"7,468","2,419","18,001","5,370","23,004","14,140","12,982","7,745","8,962","6,650","8,896","6,207","10,426","6,834","9,361","8,070","8,087","8,045","9,749","8,801","13,251","10,731","10,214","11,293","8,317","16,507","4,921","13,850","4,097","8,969","3,557","7,911","2,455","6,899",835,"4,490",239,"1,444",0,25,0,0,0,0,2025-10-03 10:13:02
2025-09,8호선,2827,모란,30,1,"2,456",774,"3,346","4,087","9,746","5,865","12,002","13,040","7,754","7,553","7,430","7,572","9,108","7,347","10,141","7,705","10,201","7,038","10,409","7,459","11,420","7,723","14,590","8,710","13,024","7,823","12,478","10,474","7,196","6,355","4,952","4,071","4,702","4,175","3,557","3,323","2,033","2,324",677,"1,345",2,408,0,0,0,0,2025-10-03 10:13:02
2025-09,8호선,2828,남위례,7,0,"2,108","1,567","8,017","5,520","24,556","10,120","28,223","26,034","15,876","12,340","10,189","7,680","9,079","6,487","9,972","7,501","10,221","9,178","9,560","8,719","13,110","9,936","15,230","13,274","17,817","17,899","19,246","27,306","9,136","19,596","7,141","12,749","6,957","9,906","5,143","9,762","2,305","5,477",639,"1,285",0,0,0,0,0,0,2025-10-03 10:13:02
2025-09,9호선,4101,개화,13,3,"2,714",386,"7,768","2,598","13,940","3,484","10,925","4,958","4,217","2,754","3,185","1,936","2,580","2,187","2,492","2,063","2,493","2,212","2,674","2,477","3,068","2,858","4,398","2,747","5,923","3,827","5,983","6,094","2,645","5,104","1,677","2,700","1,453","2,030",686,"2,322",312,"1,466",91,421,6,46,14,14,0,0,2025-10-03 10:13:02
2025-09,9호선,4102,김포공항,8,3,596,"2,969","2,584","14,704","9,633","19,783","10,983","23,366","7,162","20,800","7,417","20,904","8,002","22,475","8,706","25,562","10,221","25,748","11,758","25,823","14,894","22,884","14,155","24,974","16,015","28,688","18,840","28,410","13,100","16,440","11,158","7,655","9,248","4,411","9,450","3,325","3,290","1,990",126,"1,478",1,151,0,0,0,0,2025-10-03 10:13:02
2025-09,9호선,4103,공항시장,7,0,"3,173",282,"4,611","1,332","9,766","2,474","12,119","5,477","6,477","3,590","5,042","3,140","4,455","3,283","4,905","4,098","4,345","3,747","4,084","3,890","4,202","5,218","4,885","6,246","5,290","7,323","4,378","11,664","2,521","8,929","2,268","6,128","1,865","5,795","1,179","5,394",681,"3,390",147,"1,316",0,88,0,0,0,0,2025-10-03 10:13:02
2025-09,9호선,4104,신방화,4,1,"5,455",696,"12,896","3,020","31,218","6,839","29,083","14,696","15,446","7,836","11,291","6,344","10,308","6,910","10,764","8,323","10,151","8,819","9,058","9,930","11,172","11,266","11,675","13,986","10,473","18,519","11,573","25,651","6,772","21,888","5,181","12,505","3,790","10,999","2,604","11,358","1,176","6,071",194,"2,312",0,0,0,0,0,0,2025-10-03 10:13:02
2025-09,9호선,4105,마곡나루(서울식물원),6,0,"5,246","1,659","12,308","13,151","34,238","30,499","34,992","71,676","18,019","33,673","14,169","20,133","14,886","17,824","18,576","18,287","19,495","18,928","20,906","17,850","24,387","18,150","32,547","21,358","54,716","28,541","61,758","42,535","28,668","31,612","23,072","18,843","21,262","18,682","17,280","16,444","7,450","10,659","1,058","3,815",1,456,0,0,0,0,2025-10-03 10:13:02
2025-09,9호선,4106,양천향교,4,0,"5,215","1,181","12,527","11,240","34,432","29,953","34,151","52,966","16,777","21,531","12,587","11,689","13,309","9,296","15,176","10,616","14,317","12,365","13,702","10,820","15,859","12,463","21,080","15,275","36,038","20,392","41,805","31,310","15,786","27,179","9,606","16,180","8,010","16,498","5,070","13,762","2,212","9,900",477,"2,546",1,249,0,0,0,0,2025-10-03 10:13:02
2025-09,9호선,4107,가양,97,0,"17,511","1,710","32,017","10,759","85,768","32,074","85,380","62,149","46,190","34,461","34,956","21,263","33,112","21,637","35,399","23,407","31,672","24,950","28,387","27,986","31,956","34,357","36,784","39,270","46,853","49,370","57,467","79,263","24,630","64,729","18,536","40,300","15,467","35,868","9,753","32,071","4,189","18,968",677,"5,992",1,251,0,0,0,0,2025-10-03 10:13:02
2025-09,9호선,4108,증미,1,0,"2,930",547,"9,256","3,170","25,813","12,154","27,681","53,842","13,709","20,570","9,858","6,959","9,656","6,340","9,484","6,690","9,549","7,233","8,336","8,253","9,025","8,640","10,535","10,323","23,502","14,440","42,339","22,077","12,083","16,422","6,515","10,059","4,797","8,728","2,616","8,510","1,109","4,597",217,"1,501",1,0,0,0,0,0,2025-10-03 10:13:02
2025-09,9호선,4109,등촌,18,3,"6,775","1,350","17,834","5,869","55,043","9,574","66,980","22,456","29,085","13,626","20,404","12,576","20,358","12,840","19,403","15,090","18,114","15,592","16,715","16,835","18,281","20,542","20,221","23,291","19,794","34,849","22,066","52,336","10,814","40,876","8,307","22,800","6,601","19,893","4,849","17,370","2,263","9,847",418,"3,289",0,0,0,0,0,0,2025-10-03 10:13:02
2025-09,9호선,4110,염창,31,1,"14,427",958,"31,230","5,622","87,779","9,241","92,916","21,165","49,152","12,789","30,813","11,348","26,236","12,584","26,610","14,950","23,545","17,349","19,975","19,222","19,936","25,128","22,640","31,169","24,524","50,661","25,753","78,433","14,051","64,684","10,580","41,771","9,162","35,213","6,942","34,744","2,718","19,446",496,"6,741",2,349,0,0,0,0,2025-10-03 10:13:02
2025-09,9호선,4111,신목동,3,0,"2,569",410,"7,548","3,012","24,407","4,428","23,776","7,733","10,959","5,196","7,632","3,316","6,613","3,480","6,712","4,758","5,875","5,364","5,053","4,887","5,847","6,270","6,824","8,370","8,484","10,397","7,840","17,806","3,768","12,958","2,630","7,934","2,307","7,827","2,017","5,896",662,"3,933",149,"1,146",0,119,0,0,0,0,2025-10-03 10:13:02
2025-09,9호선,4112,선유도,6,0,"2,437","1,717","7,354","4,206","27,305","16,307","31,705","45,957","13,977","22,314","10,017","9,414","9,781","8,390","10,547","8,414","10,555","8,920","10,535","8,711","12,115","10,381","15,038","11,226","29,867","15,623","41,363","26,559","15,265","18,036","8,860","10,705","7,428","9,038","5,260","8,501","1,910","4,723",377,"1,598",0,13,0,0,0,0,2025-10-03 10:13:02
2025-09,9호선,4113,당산,83,0,"9,277","1,546","18,678","8,362","58,584","18,849","68,698","49,952","37,892","27,434","27,366","17,572","26,483","19,782","29,040","21,144","27,624","24,120","25,613","22,807","27,492","26,978","31,028","33,503","42,270","48,264","52,787","70,844","28,391","52,261","23,175","35,091","21,939","34,316","17,894","30,631","8,018","18,494","1,647","5,675",2,259,0,0,0,0,2025-10-03 10:13:02
2025-09,9호선,4114,국회의사당,3,0,772,"1,826","2,623","12,583","5,856","56,380","8,998","179,956","8,481","69,723","11,648","29,871","15,499","23,267","19,417","22,848","23,762","27,232","28,128","20,049","32,093","14,098","44,507","13,061","88,217","16,615","117,627","17,761","42,854","10,226","30,735","5,578","30,115","4,950","16,513","4,099","5,354","2,413",821,936,0,0,0,0,0,0,2025-10-03 10:13:02
2025-09,9호선,4115,여의도,14,0,"3,965","3,066","4,767","33,410","10,866","175,930","13,388","191,857","14,667","90,635","20,626","40,030","28,156","37,717","29,065","37,766","35,098","37,846","38,380","33,402","48,969","31,610","67,925","32,370","177,750","36,514","176,392","41,467","82,472","23,223","72,050","12,257","58,276","9,721","32,594","8,442","9,859","4,440","1,533","1,917",0,284,0,0,0,0,2025-10-03 10:13:02
2025-09,9호선,4116,샛강,15,0,"1,696","1,224","2,840","5,327","6,166","19,564","7,297","42,083","5,877","16,385","6,038","9,403","7,078","8,962","7,773","7,649","8,672","8,664","9,597","7,878","10,826","8,376","12,968","9,890","26,220","12,958","34,407","16,961","13,974","9,683","15,825","4,891","17,991","4,166","11,392","3,737","4,150","2,060",774,800,0,28,1,0,0,0,2025-10-03 10:13:02
2025-09,9호선,4117,노량진,543,10,"19,480","2,200","28,315","14,769","76,241","39,435","102,004","65,959","55,427","38,686","35,887","26,934","33,778","30,001","38,188","34,056","41,833","39,063","36,310","35,506","37,014","38,512","44,457","48,271","56,779","72,940","56,101","105,917","33,948","67,205","36,716","46,731","42,022","44,257","40,376","43,643","12,606","24,068","1,634","7,568",0,2,0,0,0,0,2025-10-03 10:13:02
2025-09,9호선,4118,노들,6,0,"4,229",367,"7,343","1,583","20,433","2,880","24,657","4,682","13,236","4,106","9,128","3,978","7,540","4,466","8,046","5,665","8,022","6,399","6,777","8,061","6,798","10,179","7,569","13,374","8,386","18,355","8,835","24,460","7,803","15,758","10,842","9,696","11,605","7,991","5,002","7,552","1,786","3,778",302,"1,314",1,3,0,0,0,0,2025-10-03 10:13:02
2025-09,9호선,4119,흑석(중앙대입구),7,1,"4,087",993,"7,194","6,563","20,987","14,917","24,765","32,493","16,398","20,213","13,418","19,205","14,270","15,182","16,052","16,690","16,667","15,632","17,598","15,841","21,383","15,002","24,980","16,249","31,580","24,881","24,139","32,256","13,500","21,447","12,339","14,559","13,322","12,241","9,746","11,117","4,882","5,834","1,164","2,388",0,21,0,0,0,0,2025-10-03 10:13:02
2025-09,9호선,4120,동작(현충원),37,3,"1,068",282,"1,716","2,400","5,512","2,371","5,937","4,346","3,706","2,867","2,934","3,139","3,941","2,368","3,759","2,272","3,631","2,616","3,327","2,315","3,465","2,729","4,577","2,839","4,403","3,536","4,352","5,364","2,310","3,541","1,990","2,466","1,768","2,094","1,425","2,076",634,"1,227",94,"1,068",2,193,0,0,0,0,2025-10-03 10:13:02
2025-09,9호선,4121,구반포,6,0,339,"3,226",887,"20,484","1,663","3,546","2,219","4,539","1,768","2,652","1,382","1,637","1,894","1,434","1,996","1,576","1,866","1,749","2,411","1,680","3,648","1,545","17,853","1,716","11,024","1,834","5,739","2,322","2,739","1,391","1,322",893,"1,298",855,818,791,305,417,67,183,0,1,0,0,0,0,2025-10-03 10:13:02
2025-09,9호선,4122,신반포,1,1,905,"1,172","3,479","9,090","11,235","11,805","13,767","12,125","8,831","8,254","6,771","6,481","6,031","5,284","7,142","5,771","7,405","6,838","7,142","7,266","10,084","7,431","14,894","8,208","14,378","11,309","12,785","14,660","7,570","11,737","6,553","6,462","7,267","4,963","4,587","5,335","1,186","2,354",228,840,0,1,0,0,0,0,2025-10-03 10:13:02
2025-09,9호선,4123,고속터미널,36,1,"2,547","1,752","7,126","15,568","21,403","20,580","28,567","32,424","23,430","33,973","20,345","39,346","21,777","39,810","25,050","40,682","26,963","40,177","30,645","42,979","35,061","45,158","38,794","48,838","40,551","55,709","40,360","63,049","34,383","40,927","33,569","29,504","26,823","23,423","21,512","21,458","8,495","9,162","1,164","2,305",1,0,0,0,0,0,2025-10-03 10:13:02
2025-09,9호선,4124,사평,0,0,"1,387",297,"3,768","2,439","13,554","6,707","15,610","8,683","9,834","4,604","7,156","4,283","6,212","4,153","6,489","5,404","6,604","7,107","6,179","6,241","7,565","7,906","9,757","8,388","9,530","10,983","9,609","13,666","5,743","10,195","3,783","7,135","2,630","6,396","2,146","6,248",682,"2,949",188,870,0,0,0,0,0,0,2025-10-03 10:13:02
2025-09,9호선,4125,신논현,39,3,"4,046","1,600","13,766","17,329","32,822","43,991","44,210","93,553","33,413","110,181","28,770","61,493","33,055","44,635","39,541","44,863","42,797","47,918","46,592","46,646","52,722","47,064","66,321","54,385","90,082","74,850","113,309","98,865","84,666","58,456","62,471","34,553","65,124","28,796","56,319","23,521","26,464","13,809","4,877","3,581",2,671,0,0,0,0,2025-10-03 10:13:02
2025-09,공항철도 1호선,4201,서울역,445,0,"3,617","1,938","5,534","16,672","13,678","24,611","18,705","36,140","17,955","29,998","20,166","24,138","25,124","24,316","28,768","22,869","29,207","22,549","23,126","19,311","27,953","22,271","32,140","23,339","42,650","25,146","39,818","24,960","32,014","21,780","23,429","14,010","24,534","13,575","18,160","11,543","11,282","5,105",267,"3,694",0,0,0,0,0,0,2025-10-03 10:13:02
2025-09,공항철도 1호선,4202,공덕,102,0,"2,166",186,"3,423","2,044","8,118","4,854","8,123","14,363","5,210","6,903","4,069","4,361","4,384","4,530","4,177","4,663","4,191","5,155","3,775","4,905","4,022","6,001","5,081","7,096","8,051","10,672","11,859","15,210","5,477","9,880","4,433","6,320","4,537","6,403","3,307","5,705","1,661","4,207",105,"1,935",0,0,0,0,0,0,2025-10-03 10:13:02
2025-09,공항철도 1호선,4203,홍대입구,288,23,"5,641",613,"6,698","4,784","12,401","12,110","15,033","30,050","14,048","32,127","14,609","26,950","16,853","27,985","19,194","32,872","21,291","33,092","24,324","29,250","29,903","29,023","36,379","31,576","43,411","36,106","48,875","41,930","40,400","28,552","36,865","17,038","39,797","13,845","34,703","12,766","15,530","10,615","1,428","3,634",0,0,0,0,0,0,2025-10-03 10:13:02
2025-09,공항철도 1호선,4204,디지털미디어시티,137,19,"4,398",927,"10,133","8,186","24,667","34,589","26,853","88,124","14,645","41,509","10,882","16,819","11,780","13,198","13,247","14,803","13,939","15,060","14,321","12,384","17,501","12,723","22,842","15,435","53,535","23,769","82,791","31,185","33,523","20,452","20,845","12,202","23,670","11,019","17,076","10,406","6,320","6,321",759,"2,874",0,11,0,0,0,0,2025-10-03 10:13:02
2025-09,공항철도 1호선,4206,마곡나루(서울식물원),47,0,"3,072","1,723","6,334","16,410","16,121","52,772","18,285","93,063","9,889","42,903","7,276","17,606","9,168","11,660","11,047","12,801","10,985","14,695","12,815","11,345","18,028","9,996","33,872","12,002","85,313","18,131","71,901","23,700","31,386","14,786","21,805","9,293","17,509","8,613","16,149","8,480","3,565","5,069",587,"3,024",0,0,0,0,0,0,2025-10-03 10:13:02
2025-09,공항철도 1호선,4207,김포공항,18,0,"1,908","2,110","2,757","11,413","7,201","21,533","15,506","19,038","17,943","10,619","18,189","8,678","17,135","9,142","15,541","11,605","19,392","10,898","19,744","9,952","22,703","8,630","20,131","8,972","22,801","10,481","29,521","9,127","20,373","5,236","15,047","2,795","15,495","1,467","17,991","1,372","7,155",848,217,648,1,63,0,0,0,0,2025-10-03 10:13:02
2025-09,공항철도 1호선,4208,계양,44,0,"11,857",694,"29,304","2,571","54,128","4,673","38,432","6,180","27,010","5,817","18,084","4,550","15,126","5,051","13,950","5,782","12,001","8,618","10,002","10,207","9,675","13,096","10,982","19,331","10,689","24,793","8,364","45,753","5,803","38,065","3,839","25,255","3,170","22,851","2,042","22,302","1,062","12,559",234,"3,950",0,0,0,0,0,0,2025-10-03 10:13:02
2025-09,공항철도 1호선,4209,검암,"1,726",3,"9,231",567,"15,338","2,151","35,421","7,185","23,564","16,765","12,740","5,343","9,372","3,624","9,261","3,549","9,532","4,344","7,242","4,981","6,112","5,887","6,478","7,312","7,921","10,282","8,966","14,203","12,704","26,501","4,500","23,277","3,594","14,422","2,670","12,703","2,099","13,079","1,149","9,654",171,"5,098",0,0,0,0,0,0,2025-10-03 10:13:02
2025-09,공항철도 1호선,4210,청라국제도시,149,2,"7,763",278,"19,383","5,988","36,607","8,231","23,416","18,332","14,094","6,222","10,413","4,770","11,249","4,333","10,453","5,724","9,028","7,183","8,462","7,994","9,204","8,739","12,132","11,498","16,135","16,096","19,603","26,867","6,047","25,353","4,186","16,378","3,316","15,181","3,436","16,411","2,129","9,030",191,"3,812",0,0,0,0,0,0,2025-10-03 10:13:02
2025-09,공항철도 1호선,4211,운서,206,9,"17,414","1,047","25,090","8,025","36,821","11,802","29,967","14,161","16,893","11,144","16,711","6,578","19,894","7,499","18,623","9,939","14,174","10,756","12,346","13,593","13,813","15,318","15,694","18,148","18,319","23,970","14,139","36,719","8,523","29,266","7,190","25,126","6,921","23,823","5,467","25,010","2,565","19,019",334,"5,494",0,0,0,0,0,0,2025-10-03 10:13:02
2025-09,공항철도 1호선,4212,공항화물청사,8,2,504,864,"1,474","8,464","2,114","11,086","2,197","19,356","1,587","3,068",814,"1,870",702,"3,174","1,010","2,931","1,253","1,401","1,627",981,"2,883",822,"4,848","1,224","10,762","1,844","13,731","1,313","3,489","1,278","2,340","1,815","2,599",911,"2,580",396,715,244,3,62,0,0,0,0,0,0,2025-10-03 10:13:02
2025-09,공항철도 1호선,4213,인천공항1터미널,0,0,"10,482","10,169","13,175","19,337","18,543","37,460","19,011","36,627","15,150","27,727","14,124","26,828","17,554","31,169","24,324","38,653","27,216","29,308","30,939","25,144","38,022","22,326","34,381","22,900","35,249","25,134","37,379","20,342","23,387","20,997","24,219","14,172","27,415","11,352","30,926","7,877","12,260","8,040",183,"5,219",0,0,0,0,0,0,2025-10-03 10:13:02
2025-09,공항철도 1호선,4215,인천공항2터미널,0,0,"6,780","8,370","6,945","14,119","8,854","21,186","10,141","19,775","8,991","11,320","5,498","12,409","6,812","18,766","10,793","21,706","13,378","18,026","17,206","14,212","24,479","10,961","21,280","11,184","24,253","12,696","26,070","7,812","15,159","4,065","15,070","3,614","15,441","2,847","13,284","2,278","4,320","2,425",0,"2,972",0,0,0,0,0,0,2025-10-03 10:13:02
2025-09,공항철도 1호선,4217,영종,25,1,"4,459",257,"13,360","2,075","20,156","3,433","15,581","3,717","10,369","3,105","9,144","2,914","8,825","3,999","7,733","4,333","6,480","4,099","5,898","5,830","6,046","8,707","6,621","9,372","6,720","10,168","4,533","18,188","3,031","16,503","2,602","9,972","2,368","10,295","1,513","10,450",794,"8,412",144,"2,805",0,0,0,0,0,0,2025-10-03 10:13:02
2025-09,9호선2~3단계,4126,언주,0,0,"1,435","1,214","3,452","8,388","8,321","26,818","11,268","78,132","10,771","58,195","10,789","23,734","11,999","14,795","14,140","12,619","14,880","16,073","17,315","14,236","20,089","12,392","26,067","13,066","50,228","15,033","67,436","16,624","32,098","10,883","17,868","7,281","12,893","7,623","9,874","5,284","3,335","3,484",727,"1,303",0,75,0,0,0,0,2025-10-03 10:13:02
2025-09,9호선2~3단계,4127,선정릉,13,0,"1,025","1,179","4,920","7,033","10,021","23,307","11,593","67,289","9,920","52,293","7,672","22,953","8,781","14,751","11,641","13,511","12,443","14,679","13,959","12,725","15,263","11,938","20,210","11,899","37,843","14,860","59,193","16,459","31,274","11,353","16,900","8,229","13,966","7,917","10,500","6,884","3,909","4,298",798,"1,297",0,20,0,0,0,0,2025-10-03 10:13:02
2025-09,9호선2~3단계,4128,삼성중앙,2,0,"1,179",597,"3,372","5,459","7,049","21,602","9,227","55,190","7,481","39,601","6,566","13,853","7,748","9,024","9,069","9,345","9,641","9,538","10,214","8,915","12,906","8,272","17,770","9,154","31,801","13,358","51,539","14,479","20,894","10,022","12,845","6,213","10,991","4,873","7,541","4,681","2,823","2,619",654,"1,119",0,1,0,0,0,0,2025-10-03 10:13:02
2025-09,9호선2~3단계,4129,봉은사,3,0,"2,434","3,697","6,276","21,561","10,430","51,620","11,490","135,704","10,550","95,886","11,564","52,722","18,304","43,692","25,078","40,930","29,351","43,378","35,949","35,472","44,818","32,573","61,799","31,452","98,335","31,299","125,406","30,220","61,863","19,066","42,810","10,882","39,489","9,225","25,187","5,772","6,749","3,549","1,020",853,0,0,0,0,0,0,2025-10-03 10:13:02
2025-09,9호선2~3단계,4130,종합운동장,2,0,"1,554",232,"4,725","2,352","11,394","6,814","14,538","13,691","9,511","11,065","6,669","6,266","6,847","5,897","7,744","6,803","7,725","7,820","7,642","7,905","8,344","8,582","10,406","10,134","14,755","14,458","14,029","20,443","8,839","12,992","8,228","7,648","9,231","7,624","8,317","6,575","3,744","3,497",566,993,0,16,0,0,0,0,2025-10-03 10:13:02
2025-09,9호선2~3단계,4131,삼전,21,1,"5,907",732,"8,753","3,130","26,334","6,823","40,571","21,120","25,699","10,314","14,350","6,810","11,941","7,446","11,522","8,363","11,507","9,761","10,336","9,888","11,068","11,567","11,894","14,936","15,075","19,157","19,727","31,907","9,373","25,269","7,191","15,573","5,958","15,185","4,722","11,721","1,896","7,942",433,"2,305",2,474,0,0,0,0,2025-10-03 10:13:02
2025-09,9호선2~3단계,4132,석촌고분,10,0,"3,338",590,"8,436","2,614","21,698","6,556","36,269","17,577","21,402","11,222","12,284","6,733","10,714","6,994","11,041","8,533","10,751","8,113","9,606","8,726","9,892","10,133","10,935","12,923","13,408","17,369","17,343","28,700","7,991","22,071","5,940","13,705","5,366","12,533","4,089","11,656","1,514","6,318",296,"2,570",0,4,0,0,0,0,2025-10-03 10:13:02
2025-09,9호선2~3단계,4133,석촌,16,0,"3,935",534,"11,358","3,203","27,897","6,355","38,477","13,911","24,894","12,725","15,133","9,724","13,646","9,927","14,846","10,781","14,739","11,757","13,564","11,476","14,217","13,678","15,993","15,215","18,516","23,483","19,651","34,746","11,991","27,776","10,188","17,722","10,733","14,905","8,539","15,434","4,137","7,902",623,"2,299",1,1,0,0,0,0,2025-10-03 10:13:02
2025-09,9호선2~3단계,4134,송파나루,0,0,"2,392",284,"5,256","1,684","15,332","5,529","24,106","15,432","14,586","10,250","8,058","6,847","6,927","7,865","8,082","8,852","8,582","8,578","8,155","8,509","8,401","10,276","9,048","11,684","11,257","18,063","15,572","27,217","8,680","20,847","7,553","10,757","7,832","8,205","6,421","7,332","2,531","4,079",537,"1,466",0,0,0,0,0,0,2025-10-03 10:13:02
2025-09,9호선2~3단계,4135,한성백제,0,0,"1,383",465,"4,285","1,055","9,485","2,726","13,332","9,415","7,433","5,334","4,348","3,558","4,397","3,491","4,598","3,603","4,837","4,267","4,822","3,805","5,065","4,365","5,809","5,585","7,222","6,937","10,281","10,592","4,478","8,687","3,368","4,767","3,336","4,515","2,186","3,657",745,"2,421",195,803,0,1,0,0,0,0,2025-10-03 10:13:02
2025-09,9호선2~3단계,4136,올림픽공원(한국체대),1,0,"2,406",678,"8,669","4,939","19,291","7,319","21,736","19,816","13,986","12,583","10,064","12,442","9,792","13,738","13,163","14,350","11,934","18,994","11,015","17,432","13,396","18,781","16,841","20,676","19,090","21,126","21,151","28,268","17,532","19,698","25,447","12,712","22,074","12,043","7,816","10,840","2,195","6,693",262,"1,791",0,85,0,0,0,0,2025-10-03 10:13:02
2025-09,9호선2~3단계,4137,둔촌오륜,0,0,"2,622",271,"9,647","1,935","26,113","4,031","23,848","4,668","13,318","2,617","8,779","2,431","6,327","2,881","6,280","3,963","5,767","4,420","4,817","5,186","5,760","7,197","7,539","8,335","5,872","12,728","4,629","21,606","2,880","17,646","2,113","11,124","1,557","8,739","1,114","9,883",545,"4,481",92,"1,716",0,119,0,0,0,0,2025-10-03 10:13:02
2025-09,9호선2~3단계,4138,중앙보훈병원,19,0,"5,385",668,"26,223","6,382","57,446","14,378","59,143","25,411","35,387","16,446","23,522","16,265","21,644","10,410","20,193","13,704","15,923","15,114","18,874","15,088","21,250","14,721","21,643","15,864","23,454","26,799","18,302","44,491","8,399","34,257","5,765","20,900","4,792","18,221","3,264","19,504","1,117","8,591",206,"2,853",0,198,0,0,0,0,2025-10-03 10:13:02
2025-09,우이신설선,4701,북한산우이,9,0,"1,833",785,"3,789","1,978","10,389","3,378","10,855","6,645","6,697","8,135","5,159","8,234","5,464","7,456","6,646","5,850","6,865","4,610","7,516","4,520","7,543","4,998","6,717","5,394","5,702","5,494","4,869","7,024","3,004","5,578","2,213","3,594","1,460","3,352",893,"2,960",529,"1,788",168,650,0,30,0,0,0,0,2025-10-03 10:13:02
2025-09,우이신설선,4702,솔밭공원,36,2,"2,002",440,"4,907","1,194","11,787","1,739","11,975","3,638","7,546","3,228","5,424","2,940","4,951","3,023","4,764","3,578","4,154","4,169","3,867","4,422","4,350","5,039","4,506","5,795","3,941","6,394","3,245","8,770","1,757","7,764","1,300","5,106",826,"4,692",696,"3,547",281,"2,270",55,613,1,4,0,0,0,0,2025-10-03 10:13:02
2025-09,우이신설선,4703,4.19민주묘지,3,1,"1,511",606,"3,644","1,392","9,884","2,879","11,260","16,383","7,668","5,953","6,348","8,106","7,307","12,039","7,185","6,230","7,870","6,177","8,220","6,770","8,164","5,926","11,374","6,481","11,689","7,013","8,253","8,678","4,706","7,888","3,363","5,063","2,694","4,406","1,633","3,901",697,"2,751",199,810,0,0,0,0,0,0,2025-10-03 10:13:02
2025-09,우이신설선,4704,가오리,9,1,"2,849",570,"6,820","1,630","18,874","3,681","18,598","6,896","12,051","5,339","8,966","5,191","8,153","5,462","8,336","6,158","7,742","6,757","6,275","7,073","6,717","8,944","6,920","10,735","6,259","11,385","4,946","14,933","4,045","13,519","2,487","7,803","1,789","7,004","1,158","5,790",550,"3,096",164,936,0,0,0,0,0,0,2025-10-03 10:13:02
2025-09,우이신설선,4705,화계,3,0,"2,217",560,"5,132","1,617","13,496","3,445","15,893","6,950","9,578","6,124","8,297","5,317","7,610","5,476","8,649","5,695","6,720","5,608","6,235","5,620","6,622","6,830","6,728","7,387","5,556","8,238","4,846","10,759","3,226","9,956","1,960","6,475","1,412","5,015",953,"4,547",536,"2,783",235,883,0,0,0,0,0,0,2025-10-03 10:13:02
2025-09,우이신설선,4706,삼양,1,1,"1,508",416,"3,707",992,"9,216","1,943","10,137","4,216","6,654","3,274","5,481","3,299","5,054","3,429","4,537","3,931","4,279","4,401","4,042","4,365","3,979","5,812","3,973","6,442","3,611","6,956","3,400","8,548","2,502","7,132","1,649","4,666","1,109","3,946",685,"3,304",303,"2,017",84,621,0,0,0,0,0,0,2025-10-03 10:13:02
2025-09,우이신설선,4707,삼양사거리,5,1,"1,870",380,"3,634","1,843","8,496","2,611","9,765","5,008","6,707","3,638","5,190","3,462","5,074","3,811","5,312","4,145","5,336","4,302","4,469","4,364","4,377","6,072","4,639","6,593","4,271","6,419","4,151","7,734","2,908","6,904","1,849","3,960","1,405","3,271",947,"2,548",376,"1,513",108,434,1,1,0,0,0,0,2025-10-03 10:13:02
2025-09,우이신설선,4708,솔샘,6,1,"3,480",332,"12,010","1,536","32,481","3,998","31,152","5,503","17,666","3,269","11,757","3,765","9,884","4,233","9,584","5,521","8,488","6,325","6,970","6,801","7,259","9,621","7,051","12,669","6,294","15,274","5,342","25,658","3,379","21,965","2,376","12,598","1,668","11,626","1,284","10,433",552,"5,583",151,"1,896",0,0,0,0,0,0,2025-10-03 10:13:02
2025-09,우이신설선,4709,북한산보국문,3,0,"2,382",635,"7,941","2,299","20,030","6,981","22,760","13,659","16,376","8,638","12,026","7,534","10,861","7,591","11,101","7,322","10,800","7,886","9,970","8,423","11,022","10,100","13,510","12,279","14,978","15,155","13,387","20,208","6,444","16,867","4,881","11,604","4,296","10,518","3,178","10,237","1,838","6,219",600,"1,547",0,0,0,0,0,0,2025-10-03 10:13:02
2025-09,우이신설선,4710,정릉,4,0,"2,110",578,"6,180","1,996","15,079","3,656","17,891","7,891","14,363","4,970","10,229","4,712","9,595","5,465","9,613","5,997","8,627","6,467","7,980","7,070","8,127","8,665","8,895","9,900","9,425","11,846","8,810","16,198","4,942","13,125","3,533","8,254","2,702","7,131","2,070","5,880","1,101","2,961",389,841,0,0,0,0,0,0,2025-10-03 10:13:02
2025-09,우이신설선,4711,성신여대입구(돈암),0,0,703,582,"1,321","1,440","3,994","5,400","6,890","10,680","5,631","8,066","5,457","6,626","5,839","7,628","6,564","7,387","6,862","7,603","6,602","7,425","7,617","8,069","8,462","8,902","9,371","10,173","10,314","12,919","7,478","7,784","6,492","4,724","7,337","3,779","6,492","3,034","2,812","1,947",809,678,0,0,0,0,0,0,2025-10-03 10:13:02
2025-09,우이신설선,4712,보문,4,0,592,171,"1,026","1,355","2,863","3,590","5,171","5,621","3,899","4,088","3,129","2,936","3,276","2,828","3,578","3,094","3,565","3,178","3,388","2,669","3,968","3,127","4,369","3,803","4,078","3,996","4,273","4,463","2,736","3,177","2,185","2,337","1,971","2,020","1,561","1,588",636,"1,071",159,349,0,1,0,0,0,0,2025-10-03 10:13:02
2025-09,우이신설선,4713,신설동,114,0,"1,090","1,261",954,"3,518","2,209","7,620","2,915","13,744","2,171","9,151","2,478","5,117","3,125","4,080","3,343","4,166","4,223","4,338","4,306","2,892","6,676","2,585","6,838","2,803","8,748","2,161","11,169","2,401","5,892","1,479","4,036","1,298","3,305","1,047","2,432",935,863,557,240,506,2,147,0,0,0,0,2025-10-03 10:13:02
2025-09,신림선,4401,샛강,3,0,467,902,751,"3,347","2,052","15,261","3,147","29,333","2,438","10,783","2,130","4,410","2,369","3,580","2,589","3,213","2,904","3,810","3,791","3,245","4,605","3,439","5,517","4,179","13,262","4,981","20,109","5,889","7,352","3,507","5,926","1,947","6,065","1,482","3,991","1,086","1,499",599,471,338,0,61,0,0,0,0,2025-10-03 10:13:02
2025-09,신림선,4402,대방,25,0,"2,102",474,"3,038","1,957","9,021","3,752","12,959","6,154","7,971","3,775","5,486","3,299","5,421","3,207","5,777","3,491","5,699","4,068","5,810","3,715","5,797","3,890","6,542","4,945","7,695","6,798","6,916","9,370","4,103","5,708","3,489","4,280","4,291","4,264","2,667","3,793","1,066","2,523",268,713,0,41,0,0,0,0,2025-10-03 10:13:02
2025-09,신림선,4403,서울지방병무청,0,0,"1,557",476,"3,869","1,579","11,025","5,580","14,944","6,835","8,688","3,826","7,789","3,476","6,280","3,533","5,598","5,509","4,940","5,124","4,536","5,363","5,969","6,792","6,382","7,936","5,357","9,683","5,166","13,141","2,808","9,229","1,799","6,160","1,937","5,864","1,506","5,062",358,"3,085",110,989,0,0,0,0,0,0,2025-10-03 10:13:02
2025-09,신림선,4404,보라매,0,0,"2,096",459,"3,732","2,400","11,998","7,526","15,921","15,989","9,296","5,879","6,307","4,512","5,870","4,936","6,473","5,137","6,729","5,165","6,337","5,195","8,821","6,175","9,685","6,713","11,020","9,762","14,264","14,262","5,692","10,454","5,282","6,254","4,152","5,592","3,303","4,819","1,441","3,084",345,"1,007",0,1,0,0,0,0,2025-10-03 10:13:02
2025-09,신림선,4405,보라매공원,0,0,763,659,"2,288","1,621","6,862","6,263","8,221","9,966","4,822","4,990","3,935","3,743","4,075","3,929","4,314","4,150","4,294","5,085","4,644","5,254","5,667","5,271","6,209","5,161","6,547","6,052","7,462","8,395","3,389","6,186","2,454","3,702","1,801","3,003","1,664","2,656",516,"1,445",112,483,0,0,0,0,0,0,2025-10-03 10:13:02
2025-09,신림선,4406,보라매병원,7,0,"1,117",737,"2,382","6,466","9,280","31,394","10,783","55,926","11,551","26,246","11,721","15,424","13,056","12,201","13,292","12,910","12,452","15,331","15,699","13,282","18,459","11,263","20,774","9,389","36,039","11,046","39,158","13,379","12,922","9,779","9,939","5,422","7,239","4,863","4,892","3,592","1,622","1,703",244,528,0,0,0,0,0,0,2025-10-03 10:13:02
2025-09,신림선,4407,당곡,2,0,"2,212",237,"4,965","1,384","15,455","5,558","22,043","9,710","13,745","6,487","8,573","6,109","7,912","5,584","8,597","6,175","8,295","6,346","7,108","6,956","7,638","8,927","8,428","9,470","10,215","12,441","10,910","18,464","5,885","14,166","4,812","8,548","3,167","7,653","2,204","6,769",979,"4,062",235,"1,473",0,0,0,0,0,0,2025-10-03 10:13:02
2025-09,신림선,4408,신림,1,0,"1,380",394,"1,759",969,"5,372","1,745","8,229","3,452","5,362","3,652","3,666","3,544","3,680","3,708","4,119","4,023","3,911","4,088","4,029","4,639","4,034","5,537","4,337","6,051","4,448","8,019","4,807","11,870","3,646","7,783","2,722","4,652","2,169","4,189","2,014","4,115","1,124","2,003",434,874,0,1,0,0,0,0,2025-10-03 10:13:02
2025-09,신림선,4409,서원,0,0,"2,862",549,"5,432",812,"16,022","1,419","21,753","2,861","13,494","2,354","7,412","2,328","5,951","2,675","6,377","3,259","5,484","3,571","4,631","4,140","4,393","5,514","4,168","6,488","4,076","8,894","3,856","13,366","2,565","11,600","1,680","7,542","1,279","7,628",909,"7,175",452,"4,639",100,"1,681",0,0,0,0,0,0,2025-10-03 10:13:02
2025-09,신림선,4410,서울대벤처타운,6,0,"7,290",351,"12,020","3,004","38,187","6,914","48,821","11,000","30,062","9,601","18,605","7,936","17,077","9,140","17,415","10,443","16,335","11,984","14,103","11,552","14,420","14,839","15,790","19,950","16,340","25,017","15,274","36,614","9,174","30,682","6,626","18,190","4,996","17,767","4,787","17,607","1,974","12,778",471,"5,375",1,2,0,0,0,0,2025-10-03 10:13:02
2025-09,신림선,4411,관악산(서울대),4,1,983,"1,002","2,247","2,557","7,747","5,427","7,572","13,576","5,097","14,084","4,394","10,888","5,038","5,744","5,880","5,685","6,606","5,963","7,502","5,262","9,650","4,546","11,151","4,150","10,737","4,018","9,187","5,528","4,013","4,243","2,409","2,889","2,183","2,654","1,492","2,481",663,"1,571",160,839,0,45,0,0,0,0,2025-10-03 10:13:02
